-- phpMyAdmin SQL Dump
-- version 5.2.1
-- https://www.phpmyadmin.net/
--
-- Host: localhost:3306
-- Generation Time: May 27, 2026 at 12:52 PM
-- Server version: 10.4.32-MariaDB
-- PHP Version: 8.2.12

SET SQL_MODE = "NO_AUTO_VALUE_ON_ZERO";
START TRANSACTION;
SET time_zone = "+00:00";


/*!40101 SET @OLD_CHARACTER_SET_CLIENT=@@CHARACTER_SET_CLIENT */;
/*!40101 SET @OLD_CHARACTER_SET_RESULTS=@@CHARACTER_SET_RESULTS */;
/*!40101 SET @OLD_COLLATION_CONNECTION=@@COLLATION_CONNECTION */;
/*!40101 SET NAMES utf8mb4 */;

--
-- Database: `waymte2`
--

-- --------------------------------------------------------

--
-- Table structure for table `bookings`
--

CREATE TABLE `bookings` (
  `booking_id` int(11) NOT NULL,
  `ride_id` int(11) NOT NULL,
  `trip_id` int(11) NOT NULL,
  `passenger_id` int(11) NOT NULL,
  `seats_booked` int(11) DEFAULT 1,
  `passenger_distance` decimal(5,2) DEFAULT NULL,
  `fare_amount` decimal(6,2) DEFAULT NULL,
  `status` varchar(50) DEFAULT 'pending',
  `booking_date` timestamp NOT NULL DEFAULT current_timestamp(),
  `created_at` timestamp NOT NULL DEFAULT current_timestamp(),
  `pickup_location` varchar(100) DEFAULT NULL,
  `dropoff_location` varchar(100) DEFAULT NULL
) ENGINE=InnoDB DEFAULT CHARSET=utf8mb4 COLLATE=utf8mb4_general_ci;

--
-- Dumping data for table `bookings`
--

INSERT INTO `bookings` (`booking_id`, `ride_id`, `trip_id`, `passenger_id`, `seats_booked`, `passenger_distance`, `fare_amount`, `status`, `booking_date`, `created_at`, `pickup_location`, `dropoff_location`) VALUES
(6, 3, 0, 11, 1, NULL, NULL, '', '2026-03-28 14:18:26', '2026-04-10 17:57:18', NULL, NULL),
(7, 4, 0, 11, 1, NULL, NULL, '', '2026-03-28 14:47:30', '2026-04-10 17:57:18', NULL, NULL),
(8, 5, 0, 16, 1, NULL, NULL, 'confirmed', '2026-03-29 06:49:42', '2026-04-10 17:57:18', NULL, NULL),
(9, 6, 0, 16, 1, NULL, NULL, 'rejected', '2026-03-29 06:54:04', '2026-04-10 17:57:18', NULL, NULL),
(10, 7, 0, 17, 1, NULL, NULL, 'confirmed', '2026-03-29 07:00:33', '2026-04-10 17:57:18', NULL, NULL),
(11, 8, 0, 17, 1, NULL, NULL, 'pending', '2026-03-29 07:11:29', '2026-04-10 17:57:18', NULL, NULL),
(12, 9, 0, 18, 1, NULL, NULL, 'confirmed', '2026-03-29 07:15:10', '2026-04-10 17:57:18', NULL, NULL),
(13, 10, 0, 18, 1, NULL, NULL, 'rejected', '2026-03-29 07:17:34', '2026-04-10 17:57:18', NULL, NULL),
(14, 10, 0, 11, 1, NULL, NULL, 'rejected', '2026-03-29 07:20:04', '2026-04-10 17:57:18', NULL, NULL),
(15, 11, 0, 11, 1, NULL, NULL, 'confirmed', '2026-03-29 07:23:54', '2026-04-10 17:57:18', NULL, NULL),
(16, 11, 0, 13, 1, NULL, NULL, 'cancelled', '2026-03-29 07:24:53', '2026-04-10 17:57:18', NULL, NULL),
(17, 14, 0, 4, 1, NULL, NULL, 'confirmed', '2026-04-10 18:37:09', '2026-04-10 18:37:09', NULL, NULL),
(18, 15, 0, 4, 1, NULL, NULL, 'confirmed', '2026-04-10 18:41:09', '2026-04-10 18:41:09', NULL, NULL),
(19, 15, 0, 21, 1, NULL, NULL, 'rejected', '2026-04-10 18:51:48', '2026-04-10 18:51:48', NULL, NULL),
(20, 13, 0, 21, 1, NULL, NULL, 'confirmed', '2026-04-10 19:00:20', '2026-04-10 19:00:20', NULL, NULL),
(21, 16, 0, 28, 1, NULL, NULL, 'confirmed', '2026-04-11 17:48:33', '2026-04-11 17:48:33', NULL, NULL),
(22, 18, 0, 28, 1, NULL, NULL, 'cancelled', '2026-04-12 10:36:59', '2026-04-12 10:36:59', NULL, NULL),
(23, 22, 0, 28, 1, NULL, NULL, 'confirmed', '2026-04-12 12:58:02', '2026-04-12 12:58:02', NULL, NULL),
(24, 23, 0, 28, 1, NULL, NULL, 'rejected', '2026-04-12 13:01:24', '2026-04-12 13:01:24', NULL, NULL),
(25, 24, 0, 2, 1, NULL, NULL, 'confirmed', '2026-04-23 05:03:57', '2026-04-23 05:03:57', NULL, NULL),
(26, 25, 0, 2, 1, NULL, NULL, '', '2026-04-23 08:07:28', '2026-04-23 08:07:28', NULL, NULL),
(27, 26, 0, 2, 1, NULL, NULL, 'completed', '2026-04-23 11:41:15', '2026-04-23 11:41:15', NULL, NULL),
(28, 27, 0, 29, 1, NULL, NULL, 'completed', '2026-04-23 16:48:20', '2026-04-23 16:48:20', NULL, NULL),
(29, 28, 0, 24, 1, NULL, NULL, 'confirmed', '2026-04-24 03:56:14', '2026-04-24 03:56:14', NULL, NULL),
(30, 30, 0, 21, 1, NULL, NULL, 'pending', '2026-05-02 14:45:03', '2026-05-02 14:45:03', NULL, NULL),
(31, 32, 0, 13, 1, NULL, NULL, 'completed', '2026-05-02 15:01:03', '2026-05-02 15:01:03', NULL, NULL),
(32, 33, 0, 13, 1, NULL, NULL, 'completed', '2026-05-02 15:53:51', '2026-05-02 15:53:51', NULL, NULL),
(33, 36, 0, 21, 1, NULL, NULL, 'completed', '2026-05-20 08:21:18', '2026-05-20 08:21:18', NULL, NULL),
(34, 37, 0, 21, 1, NULL, NULL, 'completed', '2026-05-20 08:55:57', '2026-05-20 08:55:57', 'Amadalli', 'Ankola'),
(35, 40, 0, 22, 1, NULL, NULL, 'confirmed', '2026-05-27 06:58:12', '2026-05-27 06:58:12', 'Ankola', 'Karwar');

-- --------------------------------------------------------

--
-- Table structure for table `drivers`
--

CREATE TABLE `drivers` (
  `driver_id` int(11) NOT NULL,
  `user_id` int(11) NOT NULL,
  `verification_status` enum('pending','verified','rejected') DEFAULT 'pending',
  `verified_at` timestamp NULL DEFAULT NULL,
  `rejected_reason` text DEFAULT NULL
) ENGINE=InnoDB DEFAULT CHARSET=utf8mb4 COLLATE=utf8mb4_general_ci;

-- --------------------------------------------------------

--
-- Table structure for table `driver_documents`
--

CREATE TABLE `driver_documents` (
  `doc_id` int(11) NOT NULL,
  `driver_id` int(11) NOT NULL,
  `dl_number` varchar(50) DEFAULT NULL,
  `dl_image_url` varchar(255) DEFAULT NULL,
  `rc_number` varchar(50) DEFAULT NULL,
  `rc_image_url` varchar(255) DEFAULT NULL,
  `uploaded_at` timestamp NOT NULL DEFAULT current_timestamp()
) ENGINE=InnoDB DEFAULT CHARSET=utf8mb4 COLLATE=utf8mb4_general_ci;

-- --------------------------------------------------------

--
-- Table structure for table `locations`
--

CREATE TABLE `locations` (
  `location_id` int(11) NOT NULL,
  `location_name` varchar(100) NOT NULL,
  `address` text DEFAULT NULL,
  `area` varchar(100) DEFAULT NULL,
  `city` varchar(50) DEFAULT NULL,
  `sequence_km` decimal(5,2) DEFAULT 0.00,
  `taluku` varchar(100) DEFAULT NULL
) ENGINE=InnoDB DEFAULT CHARSET=utf8mb4 COLLATE=utf8mb4_general_ci;

--
-- Dumping data for table `locations`
--

INSERT INTO `locations` (`location_id`, `location_name`, `address`, `area`, `city`, `sequence_km`, `taluku`) VALUES
(1, 'Miyapur Metro Station', NULL, 'Miyapur', 'Hyderabad', 0.00, NULL),
(2, 'Kukatpally', NULL, 'Kukatpally', 'Hyderabad', 5.00, NULL),
(3, 'JNTU College', NULL, 'Kukatpally', 'Hyderabad', 7.00, NULL),
(4, 'Ameerpet Metro Station', NULL, 'Ameerpet', 'Hyderabad', 12.00, NULL),
(5, 'Begumpet', NULL, 'Begumpet', 'Hyderabad', 14.00, NULL),
(6, 'Secunderabad Railway Station', NULL, 'Secunderabad', 'Hyderabad', 18.00, NULL),
(7, 'Hitech City Metro Station', NULL, 'Madhapur', 'Hyderabad', 15.00, NULL),
(8, 'Gachibowli DLF Cyber City', NULL, 'Gachibowli', 'Hyderabad', 20.00, NULL),
(9, 'Kondapur', NULL, 'Kondapur', 'Hyderabad', 10.00, NULL),
(10, 'Mehdipatnam Bus Stop', NULL, 'Mehdipatnam', 'Hyderabad', 16.00, NULL),
(11, 'LB Nagar Metro Station', NULL, 'LB Nagar', 'Hyderabad', 25.00, NULL),
(12, 'Dilsukhnagar', NULL, 'Dilsukhnagar', 'Hyderabad', 22.00, NULL),
(13, 'Uppal Metro Station', NULL, 'Uppal', 'Hyderabad', 28.00, NULL),
(14, 'Shamshabad Airport', NULL, 'Shamshabad', 'Hyderabad', 35.00, NULL),
(15, 'Banjara Hills', NULL, 'Banjara Hills', 'Hyderabad', 13.00, NULL),
(16, 'Avarsa', NULL, NULL, NULL, 0.00, NULL),
(17, 'Ankola', NULL, NULL, NULL, 0.00, NULL),
(18, 'Bole', NULL, NULL, NULL, 0.00, NULL),
(19, 'Haravada', NULL, NULL, NULL, 0.00, NULL),
(20, 'Karwar', NULL, NULL, NULL, 0.00, NULL),
(21, 'Hattikeri', NULL, NULL, NULL, 0.00, NULL),
(22, 'Malappuram', NULL, NULL, NULL, 0.00, NULL),
(23, 'Avarse', NULL, NULL, NULL, 0.00, NULL),
(24, 'Baleguli Cross', NULL, NULL, NULL, 0.00, NULL),
(25, 'Mumbai', NULL, NULL, NULL, 0.00, NULL),
(26, 'Bengaluru', NULL, NULL, NULL, 0.00, NULL),
(27, 'Mumbai Suburban District', NULL, NULL, NULL, 0.00, NULL),
(28, 'Puralakkibena', NULL, NULL, NULL, 0.00, NULL),
(29, 'Poojgeri', NULL, NULL, NULL, 0.00, NULL),
(30, 'Murukatte', NULL, NULL, NULL, 0.00, NULL),
(31, 'Honnavar', NULL, NULL, NULL, 0.00, NULL);

-- --------------------------------------------------------

--
-- Table structure for table `messages`
--

CREATE TABLE `messages` (
  `message_id` int(11) NOT NULL,
  `booking_id` int(11) NOT NULL,
  `sender_id` int(11) NOT NULL,
  `receiver_id` int(11) NOT NULL,
  `message` text NOT NULL,
  `created_at` timestamp NOT NULL DEFAULT current_timestamp()
) ENGINE=InnoDB DEFAULT CHARSET=utf8mb4 COLLATE=utf8mb4_general_ci;

--
-- Dumping data for table `messages`
--

INSERT INTO `messages` (`message_id`, `booking_id`, `sender_id`, `receiver_id`, `message`, `created_at`) VALUES
(1, 21, 28, 27, 'bkkk\\', '2026-04-11 17:49:50'),
(2, 21, 28, 27, 'Hello Baby LOLLLLLLLLLLLLLLLLLLLLLLLLLL', '2026-04-12 10:32:51'),
(4, 22, 28, 27, 'Hii', '2026-04-12 10:51:37'),
(6, 22, 27, 28, 'Hellow', '2026-04-12 11:07:36'),
(7, 22, 28, 27, 'hii', '2026-04-12 11:08:01'),
(8, 22, 28, 27, 'Hii', '2026-04-12 11:14:15'),
(9, 22, 27, 28, 'Hii', '2026-04-12 11:14:28'),
(10, 22, 27, 28, 'Bhvjhshjkh', '2026-04-12 11:14:54'),
(11, 22, 27, 28, 'fsvss', '2026-04-12 11:15:09'),
(12, 22, 28, 27, 'sfscs', '2026-04-12 11:18:22'),
(13, 22, 28, 27, 'Passenger', '2026-04-12 11:18:43'),
(14, 22, 27, 28, 'driver', '2026-04-12 11:19:28'),
(15, 22, 27, 28, 'dsf', '2026-04-12 11:19:43'),
(16, 22, 27, 28, 'sfsf', '2026-04-12 11:19:50'),
(17, 22, 27, 28, 'ghg', '2026-04-12 11:20:10'),
(18, 22, 27, 28, 'd', '2026-04-12 11:20:26'),
(19, 22, 27, 28, 'driver', '2026-04-12 11:25:25'),
(20, 22, 28, 27, 'passs', '2026-04-12 11:25:34'),
(21, 22, 28, 27, 'pas11', '2026-04-12 11:28:42'),
(22, 22, 27, 28, 'pass2', '2026-04-12 11:28:56'),
(23, 22, 27, 28, 'pass3', '2026-04-12 11:31:10'),
(24, 22, 27, 28, 'pass4', '2026-04-12 11:31:19'),
(25, 22, 27, 28, 'pass 5', '2026-04-12 11:31:33'),
(26, 22, 28, 27, 'Hello From Ashley', '2026-04-12 11:31:53'),
(27, 22, 27, 28, 'from Passsenger', '2026-04-12 11:32:02'),
(28, 23, 27, 28, 'Hii', '2026-04-12 12:58:44'),
(29, 23, 28, 27, 'hello', '2026-04-12 12:59:05'),
(30, 23, 27, 28, 'which dress? color', '2026-04-12 12:59:19'),
(31, 23, 28, 27, 'bronish, colo', '2026-04-12 12:59:31'),
(32, 23, 27, 28, 'gotuuu', '2026-04-12 12:59:37'),
(33, 25, 14, 2, 'Hiii babyyyy', '2026-04-23 05:05:42'),
(34, 25, 2, 14, 'bye', '2026-04-23 05:06:01'),
(35, 25, 2, 14, 'Shailoooooooooooooo I LOVE YYYYYYYYYYYYYY', '2026-04-23 05:07:19'),
(36, 25, 14, 2, 'Ellivyooo? Na ell bande haa, Begi baa', '2026-04-23 05:07:46'),
(37, 25, 2, 14, 'Ayt ayt bande haa, elle eve', '2026-04-23 05:08:28'),
(38, 28, 30, 29, 'Hii Shanaya, Where are you?', '2026-04-23 16:49:05'),
(39, 28, 29, 30, 'Flowww, Im here okay', '2026-04-23 16:49:28'),
(40, 28, 30, 29, 'Come on, get in the car', '2026-04-23 16:49:43'),
(41, 28, 29, 30, 'Helo, pls come over here', '2026-04-23 16:50:01'),
(42, 28, 30, 29, 'Tu kya edi hogya kya bachhi!', '2026-04-23 16:50:20'),
(43, 28, 29, 30, 'LOLLLLLLLLLLL', '2026-04-23 16:50:29'),
(44, 29, 19, 24, 'Hii Ashley', '2026-04-24 04:00:40'),
(45, 29, 24, 19, 'Hiiii', '2026-04-24 04:00:56'),
(46, 31, 19, 13, 'hiiiiiii', '2026-05-02 15:01:42');

-- --------------------------------------------------------

--
-- Table structure for table `ratings`
--

CREATE TABLE `ratings` (
  `rating_id` int(11) NOT NULL,
  `booking_id` int(11) NOT NULL,
  `rated_by` int(11) NOT NULL,
  `rated_to` int(11) NOT NULL,
  `rating` int(11) DEFAULT NULL CHECK (`rating` >= 1 and `rating` <= 5),
  `review_text` text DEFAULT NULL,
  `created_at` timestamp NOT NULL DEFAULT current_timestamp()
) ENGINE=InnoDB DEFAULT CHARSET=utf8mb4 COLLATE=utf8mb4_general_ci;

-- --------------------------------------------------------

--
-- Table structure for table `reviews`
--

CREATE TABLE `reviews` (
  `review_id` int(11) NOT NULL,
  `booking_id` int(11) NOT NULL,
  `reviewer_id` int(11) NOT NULL,
  `driver_id` int(11) NOT NULL,
  `rating` int(11) NOT NULL CHECK (`rating` >= 1 and `rating` <= 5),
  `comment` text DEFAULT NULL,
  `created_at` timestamp NOT NULL DEFAULT current_timestamp()
) ENGINE=InnoDB DEFAULT CHARSET=utf8mb4 COLLATE=utf8mb4_general_ci;

--
-- Dumping data for table `reviews`
--

INSERT INTO `reviews` (`review_id`, `booking_id`, `reviewer_id`, `driver_id`, `rating`, `comment`, `created_at`) VALUES
(1, 26, 2, 27, 5, 'Nice driver TBH :)', '2026-04-23 11:33:09'),
(2, 28, 29, 30, 5, 'Nice Mannnnnnnnnnnn', '2026-04-23 16:51:22'),
(3, 31, 13, 19, 4, 'Niceeee', '2026-05-02 15:51:00'),
(4, 32, 13, 19, 4, 'great', '2026-05-02 15:55:55'),
(5, 33, 21, 19, 3, 'great', '2026-05-20 08:50:12');

-- --------------------------------------------------------

--
-- Table structure for table `rides`
--

CREATE TABLE `rides` (
  `ride_id` int(11) NOT NULL,
  `driver_id` int(11) NOT NULL,
  `source_id` int(11) NOT NULL,
  `destination_id` int(11) NOT NULL,
  `ride_date` date NOT NULL,
  `ride_time` time NOT NULL,
  `available_seats` int(11) NOT NULL,
  `price_per_seat` decimal(10,2) NOT NULL,
  `status` enum('active','cancelled','completed') DEFAULT 'active',
  `route_path` linestring DEFAULT NULL
) ENGINE=InnoDB DEFAULT CHARSET=utf8mb4 COLLATE=utf8mb4_general_ci;

--
-- Dumping data for table `rides`
--

INSERT INTO `rides` (`ride_id`, `driver_id`, `source_id`, `destination_id`, `ride_date`, `ride_time`, `available_seats`, `price_per_seat`, `status`, `route_path`) VALUES
(1, 11, 1, 2, '2026-03-28', '09:00:00', 3, 50.00, '', NULL),
(2, 14, 4, 15, '2026-03-28', '19:02:00', 2, 50.00, '', NULL),
(3, 14, 3, 10, '2026-03-28', '21:24:00', 1, 25.00, '', NULL),
(4, 15, 13, 14, '2026-03-29', '06:15:00', 1, 40.00, '', NULL),
(5, 15, 5, 12, '2026-03-29', '13:20:00', 0, 20.00, '', NULL),
(6, 15, 6, 8, '2026-03-29', '12:23:00', 2, 75.00, '', NULL),
(7, 15, 2, 3, '2026-03-30', '14:29:00', 0, 35.00, '', NULL),
(8, 15, 1, 11, '2026-03-31', '12:43:00', 0, 50.00, '', NULL),
(9, 19, 13, 6, '2026-03-29', '14:44:00', 1, 60.00, '', NULL),
(10, 19, 4, 15, '2026-03-29', '15:46:00', 0, 30.00, '', NULL),
(11, 20, 3, 9, '2026-03-30', '03:01:00', 1, 50.00, '', NULL),
(12, 14, 9, 5, '2026-04-02', '13:03:00', 2, 50.00, '', NULL),
(13, 14, 16, 17, '2026-04-11', '23:36:00', 1, 26.00, '', NULL),
(14, 14, 16, 18, '2026-04-10', '00:51:00', 1, 20.00, '', NULL),
(15, 14, 16, 19, '2026-04-10', '01:56:00', 1, 10.00, '', NULL),
(16, 27, 17, 20, '2026-04-12', '00:15:00', 1, 34.00, '', NULL),
(17, 27, 19, 21, '2026-04-12', '16:56:00', 2, 50.00, '', NULL),
(18, 27, 19, 16, '2026-04-12', '18:04:00', 2, 29.00, '', NULL),
(19, 27, 16, 17, '2026-04-13', '19:21:00', 2, 12.00, '', NULL),
(20, 27, 16, 22, '2026-04-12', '21:43:00', 2, 30.00, '', NULL),
(21, 27, 23, 17, '2026-04-12', '18:04:00', 2, 30.00, 'cancelled', NULL),
(22, 27, 16, 17, '2026-04-12', '18:28:00', 2, 33.00, '', NULL),
(23, 27, 17, 16, '2026-04-12', '21:30:00', 2, 22.00, '', NULL),
(24, 14, 24, 20, '2026-04-23', '12:33:00', 2, 30.00, '', NULL),
(25, 27, 16, 17, '2026-04-24', '13:35:00', 1, 28.00, 'completed', NULL),
(26, 27, 19, 24, '2026-04-23', '18:10:00', 1, 50.00, 'completed', NULL),
(27, 30, 16, 17, '2026-04-23', '23:52:00', 1, 20.00, 'completed', NULL),
(28, 19, 17, 20, '2026-04-25', '10:22:00', 1, 37.00, '', NULL),
(29, 27, 25, 26, '2026-05-03', '00:06:00', 2, 20.00, 'cancelled', NULL),
(30, 27, 25, 27, '2026-05-02', '21:12:00', 2, 30.00, '', NULL),
(31, 19, 25, 17, '2026-05-02', '00:17:00', 2, 2.00, 'completed', NULL),
(32, 19, 28, 17, '2026-05-02', '22:30:00', 1, 22.00, 'completed', NULL),
(33, 19, 28, 17, '2026-05-02', '21:24:00', 0, 50.00, 'completed', NULL),
(34, 19, 29, 17, '2026-05-19', '12:21:00', 2, 30.00, '', NULL),
(35, 19, 17, 16, '2026-05-22', '15:54:00', 3, 19.00, 'completed', 0x0000000001020000009700000053cdaca580935240b515fbcbee512d4053cdaca580935240b515fbcbee512d407bdb4c85789352400893e2e313522d40ccb392567c93524021054f2157522d40ae9ae7887c935240761893fe5e522d40a88fc01f7e93524045f12a6b9b522d4084d6c397899352409d6516a1d8522d40fe277ff78e935240a8363811fd522d4086a92d75909352407505db8827532d40de3eabcc9493524024d1cb2896532d409b1bd3139693524002ba2f67b6532d4010cafb389a935240f9da334b02542d4090be49d3a09352409dbd33daaa542d408f8aff3ba29352407d59daa9b9542d40cc272b86ab935240aa807b9e3f552d40feb5bc72bd93524039b874cc79562d407ff8f9efc1935240b0045262d7562d401b9e5e29cb935240d49e927362572d40bb7b80eecb935240f629c76471572d4096236420cf9352408f8d40bcae572d40008c67d0d0935240ae65321ccf572d40ce37a27bd69352408ee9094b3c582d4039d4efc2d6935240c74b378941582d403cf54883db935240249a40118b582d40302dea93dc93524027a435069d582d405858703fe09352408a929048db582d40ddef5014e893524059a5f44c2f592d40ce716e13ee9352406a334e4354592d40024bae62f19352400f9d9e7763592d40195932c7f29352405e10919a76592d40db8afd65f79352408675e3dd91592d40de770c8ffd935240a54dd53db2592d407ced99250194524044faedebc0592d4067b5c01e1394524005a6d3ba0d5a2d402310afeb179452402461df4e225a2d40273108ac1c945240024a438d425a2d40cb49287d219452405c7171546e5a2d4070b037312494524098fa7953915a2d40c2a2224e27945240c843dfddca5a2d40bb80971936945240c58cf0f6205c2d400edb166536945240511553e9275c2d40dcba9ba73a945240b16d5166835c2d406a1327f73b945240789ca223b95c2d4094c0e61c3c945240aab5300bed5c2d4011fc6f253b9452409335ea211a5d2d405305a3923a94524047e9d2bf245d2d40897ac1a739945240b8ca13083b5d2d4060e7a6cd389452407fa2b2614d5d2d4031b1f9b836945240930035b56c5d2d40da01d71533945240c6fcdcd0945d2d40936fb6b9319452409561dc0da25d2d40894336902e945240bdc62e51bd5d2d406dc669882a9452407b116dc7d45d2d408fe3874a23945240ba8784effd5d2d40f792c6681d945240b151d66f265e2d40174850fc189452400c790437525e2d40eee87fb91694524036ae7fd7675e2d40cbdb114e0b9452405721e527d55e2d40e7525c55f69352401d8f19a88c5f2d402bf86d88f19352406f29e78bbd5f2d40e5620cace3935240e3361ac05b602d40a4703d0ad7935240543a58ffe7602d4047382d78d19352407099d36531612d406bf12900c6935240350708e6e8612d403defc682c2935240902e36ad14622d40973ac8ebc19352402174d0251c622d40df4e22c2bf93524007ea944737622d4058e71890bd935240c364aa6054622d406aa0f99cbb9352401b82e3326e622d40323ecc5eb6935240af0b3f389f622d4023d74d29af935240a3224e27d9622d4085950a2aaa9352408028983105632d401f65c405a0935240e90df7915b632d40560e2db29d935240802daf5c6f632d4056d7a19a92935240e8120ebdc5632d405b43a9bd88935240fce4284014642d407407b1338593524059bf99982e642d40e23fdd4081935240ae0caa0d4e642d40091a33897a93524039ecbe6378642d403cbce7c0729352407d3cf4ddad642d4082c98d226b935240c74961dee3642d40a69c2ff65e93524085251e5036652d4089eb18575c93524021020ea14a652d402c6519e258935240a14acd1e68652d405d6bef5355935240bd5296218e652d40b804e09f529352400de36e10ad652d402ac6f99b509352403735d07cce652d409c8713984e9352403f36c98ff8652d4062a3acdf4c935240b43ee5982c662d4034a1496249935240aa99b51490662d40ff791a3048935240912c6002b7662d40ca6c904946935240da1ce736e1662d40e9b985ae44935240715985cd00672d40a35bafe94193524032aeb8382a672d4027a25f5b3f935240842ba0504f672d4059c2da183b935240c2a1b77878672d4091ed7c3f3593524061a5828aaa672d40ff08c3802593524066be839f38682d402578431a15935240876bb587bd682d400876fc1708935240d6c6d8092f692d40e63bf88903935240a565a4de53692d401f679ab0fd925240e4dbbb067d692d40a376bf0af09252409cfa40f2ce692d40b476db85e6925240e607aef2046a2d402d776682e1925240c020e9d32a6a2d4012143fc6dc92524093acc3d1556a2d40863dedf0d7925240768c2b2e8e6a2d4088d9cbb6d39252404b22fb20cb6a2d40247cef6fd09252405ed72fd80d6b2d4093020b60ca9252402ae5b512ba6b2d401615713ac9925240a48d23d6e26b2d4071c806d2c592524050e09d7c7a6c2d40ef1d3526c49252404ab4e4f1b46c2d40439259bdc392524050abe80fcd6c2d40e38920cec39252401766a19dd36c2d40f5f411f8c392524055850662d96c2d402fbfd364c692524028f4fa93f86c2d405952ee3ec7925240e67805a2276d2d404f401361c392524035f10ef0a46d2d40a6d24f38bb925240de3eabcc946e2d402ae5b512ba92524030bc92e4b96e2d40b3cef8beb89252402d095053cb6e2d40a83ae466b8925240d272a087da6e2d40e94317d4b79252401e166a4df36e2d4044c362d4b5925240e5b8533a586f2d402db5de6fb49252405f61c1fd806f2d40213b6f63b392524059de550f986f2d4016dba4a2b192524009fce1e7bf6f2d4099d36531b1925240caf962efc56f2d4079cdab3aab925240581d39d219702d401b47acc5a7925240aa9a20ea3e702d403bfc3559a39252406902452c62702d40f6eb4e779e9252400da661f888702d400dc347c4949252401041d5e8d5702d4076c075c58c9252403410cb660e712d4095f3c5de8b9252404277499c15712d40d3db9f8b869252405e9cf86a47712d4015ff7744859252406ff085c954712d40cf86fc338392524078d4981073712d40063065e080925240e1455f419a712d40ba2efce07c925240852348a5d8712d40d847a7ae7c92524066a208a9db712d40eb1a2d077a9252404c35b39602722d40e1d40792779252402d0b26fe28722d400bb6114f769252409372f7393e722d404145d5af74925240873254c554722d40b554de8e70925240e54691b586722d40c85bae7e6c9252407e703e75ac722d4074620fed639252402bf86d88f1722d408ae8d7d64f925240ee3ec7478b732d4024d236fe449252401fa0fb7266732d40),
(36, 19, 17, 20, '2026-05-22', '14:49:00', 1, 47.00, 'completed', 0x0000000001020000006302000053cdaca580935240b515fbcbee512d4053cdaca580935240b515fbcbee512d407bdb4c85789352400893e2e313522d40ccb392567c93524021054f2157522d40ae9ae7887c935240761893fe5e522d40a88fc01f7e93524045f12a6b9b522d4084d6c397899352409d6516a1d8522d40fe277ff78e935240a8363811fd522d4086a92d75909352407505db8827532d40de3eabcc9493524024d1cb2896532d409b1bd3139693524002ba2f67b6532d4010cafb389a935240f9da334b02542d4090be49d3a09352409dbd33daaa542d408f8aff3ba29352407d59daa9b9542d40cc272b86ab935240aa807b9e3f552d40feb5bc72bd93524039b874cc79562d407ff8f9efc1935240b0045262d7562d401b9e5e29cb935240d49e927362572d40bb7b80eecb935240f629c76471572d4096236420cf9352408f8d40bcae572d40008c67d0d0935240ae65321ccf572d40ce37a27bd69352408ee9094b3c582d4039d4efc2d6935240c74b378941582d403cf54883db935240249a40118b582d40302dea93dc93524027a435069d582d405858703fe09352408a929048db582d40ddef5014e893524059a5f44c2f592d40ce716e13ee9352406a334e4354592d40024bae62f19352400f9d9e7763592d40195932c7f29352405e10919a76592d40db8afd65f79352408675e3dd91592d40de770c8ffd935240a54dd53db2592d407ced99250194524044faedebc0592d4067b5c01e1394524005a6d3ba0d5a2d402310afeb179452402461df4e225a2d40273108ac1c945240024a438d425a2d40cb49287d219452405c7171546e5a2d4070b037312494524098fa7953915a2d40c2a2224e27945240c843dfddca5a2d40bb80971936945240c58cf0f6205c2d400edb166536945240511553e9275c2d40dcba9ba73a945240b16d5166835c2d406a1327f73b945240789ca223b95c2d4094c0e61c3c945240aab5300bed5c2d4011fc6f253b9452409335ea211a5d2d405305a3923a94524047e9d2bf245d2d40897ac1a739945240b8ca13083b5d2d4060e7a6cd389452407fa2b2614d5d2d4031b1f9b836945240930035b56c5d2d40da01d71533945240c6fcdcd0945d2d40936fb6b9319452409561dc0da25d2d40894336902e945240bdc62e51bd5d2d406dc669882a9452407b116dc7d45d2d408fe3874a23945240ba8784effd5d2d40f792c6681d945240b151d66f265e2d40174850fc189452400c790437525e2d40eee87fb91694524036ae7fd7675e2d40cbdb114e0b9452405721e527d55e2d40e7525c55f69352401d8f19a88c5f2d402bf86d88f19352406f29e78bbd5f2d40e5620cace3935240e3361ac05b602d40a4703d0ad7935240543a58ffe7602d4047382d78d19352407099d36531612d406bf12900c6935240350708e6e8612d403defc682c2935240902e36ad14622d40973ac8ebc19352402174d0251c622d40df4e22c2bf93524007ea944737622d4058e71890bd935240c364aa6054622d406aa0f99cbb9352401b82e3326e622d40323ecc5eb6935240af0b3f389f622d4023d74d29af935240a3224e27d9622d4085950a2aaa9352408028983105632d401f65c405a0935240e90df7915b632d40560e2db29d935240802daf5c6f632d4056d7a19a92935240e8120ebdc5632d405b43a9bd88935240fce4284014642d407407b1338593524059bf99982e642d40e23fdd4081935240ae0caa0d4e642d40091a33897a93524039ecbe6378642d403cbce7c0729352407d3cf4ddad642d4082c98d226b935240c74961dee3642d40a69c2ff65e93524085251e5036652d4089eb18575c93524021020ea14a652d402c6519e258935240a14acd1e68652d405d6bef5355935240bd5296218e652d40b804e09f529352400de36e10ad652d402ac6f99b509352403735d07cce652d409c8713984e9352403f36c98ff8652d4062a3acdf4c935240b43ee5982c662d4034a1496249935240aa99b51490662d40ff791a3048935240912c6002b7662d40ca6c904946935240da1ce736e1662d40e9b985ae44935240715985cd00672d40a35bafe94193524032aeb8382a672d4027a25f5b3f935240842ba0504f672d4059c2da183b935240c2a1b77878672d4091ed7c3f3593524061a5828aaa672d40ff08c3802593524066be839f38682d402578431a15935240876bb587bd682d400876fc1708935240d6c6d8092f692d40e63bf88903935240a565a4de53692d401f679ab0fd925240e4dbbb067d692d40a376bf0af09252409cfa40f2ce692d40b476db85e6925240e607aef2046a2d402d776682e1925240c020e9d32a6a2d4012143fc6dc92524093acc3d1556a2d40863dedf0d7925240768c2b2e8e6a2d4088d9cbb6d39252404b22fb20cb6a2d40247cef6fd09252405ed72fd80d6b2d4093020b60ca9252402ae5b512ba6b2d401615713ac9925240a48d23d6e26b2d4071c806d2c592524050e09d7c7a6c2d40ef1d3526c49252404ab4e4f1b46c2d40439259bdc392524050abe80fcd6c2d40e38920cec39252401766a19dd36c2d40f5f411f8c392524055850662d96c2d402fbfd364c692524028f4fa93f86c2d405952ee3ec7925240e67805a2276d2d404f401361c392524035f10ef0a46d2d40a6d24f38bb925240de3eabcc946e2d402ae5b512ba92524030bc92e4b96e2d40b3cef8beb89252402d095053cb6e2d40a83ae466b8925240d272a087da6e2d40e94317d4b79252401e166a4df36e2d4044c362d4b5925240e5b8533a586f2d402db5de6fb49252405f61c1fd806f2d40213b6f63b392524059de550f986f2d4016dba4a2b192524009fce1e7bf6f2d4099d36531b1925240caf962efc56f2d4079cdab3aab925240581d39d219702d401b47acc5a7925240aa9a20ea3e702d403bfc3559a39252406902452c62702d40f6eb4e779e9252400da661f888702d400dc347c4949252401041d5e8d5702d4076c075c58c9252403410cb660e712d4095f3c5de8b9252404277499c15712d40d3db9f8b869252405e9cf86a47712d4015ff7744859252406ff085c954712d40cf86fc338392524078d4981073712d40063065e080925240e1455f419a712d40ba2efce07c925240852348a5d8712d40d847a7ae7c92524066a208a9db712d40eb1a2d077a9252404c35b39602722d40e1d40792779252402d0b26fe28722d400bb6114f769252409372f7393e722d404145d5af74925240873254c554722d40b554de8e70925240e54691b586722d40c85bae7e6c9252407e703e75ac722d4074620fed639252402bf86d88f1722d408ae8d7d64f925240ee3ec7478b732d40f7e978cc4092524010b22c98f8732d40d595cff23c925240f06ab93313742d403b72a4333092524012a452ec68742d404f7974232c92524001a777f17e742d40444df4f928925240a053909f8d742d40a5a31ccc269252403656629e95742d4001a5a1462192524056116e32aa742d40acc5a70018925240e960fd9fc3742d408e8f16670c9252404df8a57ede742d40cf2d7425029252404d327216f6742d4076df313cf69152409148dbf813752d4048a98427f49152404c89247a19752d40616d8c9df0915240ad16d86322752d40da1f28b7ed915240022a1c412a752d405e66d828eb9152409fe925c632752d406b6281afe891524063d4b5f63e752d40626a4b1de49152405d514a0856752d40e275fd82dd91524021938c9c85752d402b8a5759db9152406b49473998752d4073b8567bd8915240577c43e1b3752d408c48145ad6915240ba13ecbfce752d401c23d923d491524086e28e37f9752d40a626c11bd2915240f25d4a5d32762d40b4226aa2cf91524049111956f1762d40d255babbce915240b85cfdd824772d406116da39cd91524029780ab952772d4039b709f7ca915240a9c0c93670772d4046990d32c99152409206b7b585772d40be310400c79152407e1ccd9195772d4001892650c491524070ef1af4a5772d4009e23c9cc0915240a86e2efeb6772d40355f251fbb9152408cdafd2ac0772d40dec9a7c7b69152408cdafd2ac0772d401152b7b3af915240cadc7c23ba772d40e318c91ea19152405648f949b5772d4017bb7d56999152403f541a31b3772d40139a249694915240060fd3beb9772d40629f008a9191524009fce1e7bf772d40e833a0de8c915240c7293a92cb772d40e57adb4c859152404485eae6e2772d40ddd0949d7e915240efc8586dfe772d405da8fc6b799152408318e8da17782d4002f225547091524022ffcc203e782d4075e789e76c91524091f3fe3f4e782d40d0807a336a915240718fa50f5d782d40e2395b40689152400b7f86376b782d403c9f01f566915240e65df58079782d40a2b2614d659152403b8e1f2a8d782d4062f71dc363915240d49ae61da7782d40a4349bc76191524007d15ad1e6782d40467a51bb5f915240707ced9925792d401d01dc2c5e915240e44a3d0b42792d4012a1116c5c915240dec7d11c59792d400e4c6e1459915240c26d6de179792d40f2cea10c559152400684d6c397792d407e3a1e33509152407a522635b4792d400ad7a3703d915240e3fdb8fdf2792d40e140481630915240b58993fb1d7a2d40508d976e1291524098a3c7ef6d7a2d40452a8c2d04915240a087da368c7a2d405d4f745df8905240013274eca07a2d409b374e0af39052404051d9b0a67a2d4004013274ec9052402e3718eab07a2d4083a44fabe89052403d9e961fb87a2d408bfd65f7e4905240bf99982ec47a2d40aa6400a8e2905240e4f4f57ccd7a2d40a60f5d50df905240c2c073efe17a2d401348895ddb905240942f6821017b2d40707d586fd49052401c5c3ae63c7b2d40780ab952cf90524099d4d006607b2d40807d74eaca9052402d077aa86d7b2d40df1ad82ac1905240b6bfb33d7a7b2d40cbf6216fb9905240a2b8e34d7e7b2d4031074147ab905240b30c71ac8b7b2d404e9b711aa290524077f700dd977b2d408109dcba9b90524090f5d4eaab7b2d402bdcf2919490524096ecd808c47b2d40eae923f0879052400168942efd7b2d4066a032fe7d905240b2683a3b197c2d408638d6c56d905240959f54fb747c2d40a3cc0699649052405c77f354877c2d40ffe7305f5e9052407862d68ba17c2d402ac6f99b50905240b0726891ed7c2d405ce674594c90524005fa449e247d2d40f888981249905240ccd1e3f7367d2d4063ee5a423e9052405a643bdf4f7d2d403cf71e2e39905240af5a99f04b7d2d40d99942e7359052403e963e74417d2d40234a7b832f905240e92b4833167d2d40c0ec9e3c2c905240b0c91af5107d2d40359886e1239052403e22a644127d2d406397a8de1a9052403ee8d9acfa7c2d402310afeb179052403ee8d9acfa7c2d4072e140481690524022718fa50f7d2d40357ba0151890524093c6681d557d2d40d21dc4ce149052403db83b6bb77d2d408cd9925511905240b49080d1e57d2d40e78c28ed0d90524020d26f5f077e2d40f01989d008905240a01a2fdd247e2d404792205c019052403944dc9c4a7e2d40185c7347ff8f52402b172aff5a7e2d40e9f17b9bfe8f524022a7afe76b7e2d405a65a6b4fe8f5240ad4cf8a57e7e2d40d1afad9ffe8f5240c45dbd8a8c7e2d4049145ad6fd8f5240fddcd0949d7e2d4096cb46e7fc8f52405d876a4ab27e2d404f05dcf3fc8f524077853e58c67e2d408446b071fd8f524032e36da5d77e2d40ee940ed6ff8f5240aca8c1340c7f2d4000000000009052403a3b191c257f2d40f5b9da8afd8f5240e59b6d6e4c7f2d40124e0b5ef48f5240732ec555657f2d4000c63368e88f52403ae97de36b7f2d400bef7211df8f52401d8f19a88c7f2d406b0e10ccd18f52403a4030478f7f2d402b8716d9ce8f5240ab048bc3997f2d40fd6a0e10cc8f5240ab5b3d27bd7f2d404b3ca06cca8f5240728a8ee4f27f2d402f6ea301bc8f52401c5f7b6649802d40210725ccb48f524071e6577380802d40419fc893a48f5240a9c1340c1f812d40969526a5a08f52408c84b69c4b812d40c87e164b918f52407d7901f6d1812d40906ad8ef898f52401c9ab2d30f822d40de21c500898f524071adf6b017822d40c6f99b50888f5240fc3559a31e822d400f0ef626868f52400d8ae6012c822d407d7a6ccb808f5240a796adf545822d403f58c6866e8f52408d63247b84822d40f8a8bf5e618f5240ae450bd0b6822d4096cd1c925a8f52402bdb87bce5822d408718af79558f524011514cde00832d40ae0caa0d4e8f524047e350bf0b832d401ec4ce143a8f5240dec83cf207832d40850838842a8f5240fb7953910a832d40f38e5374248f5240dee522be13832d40b7eee6a90e8f52406ccf2c0950832d40b08f4e5df98e5240c1caa145b6832d40d4484be5ed8e5240433a3c84f1832d40c5025fd1ad8e52404ce0d6dd3c852d40925d6919a98e524010e84cda54852d409e0b23bda88e5240211ff46c56852d40b6813b50a78e524068cbb91457852d403aae4676a58e52402ac93a1c5d852d40a1db4b1aa38e5240c68844a165852d40812381069b8e52409be447fc8a852d403a03232f6b8e5240147afd497c862d403b376dc6698e52405586713788862d405393e00d698e5240ef75525f96862d407ea83462668e52407debc37aa3862d40df180280638e524024253d0cad862d4075caa31b618e5240ecdff599b3862d4071a94a5b5c8e52407f129f3bc1862d40cc28965b5a8e524085cfd6c1c1862d40b66801da568e524005dec9a7c7862d408f8b6a11518e5240daff006bd5862d40eb724a404c8e524082397afcde862d406473d53c478e524002486de2e4862d40bbb72231418e52401ef98381e7862d40edd79dee3c8e5240d74cbed9e6862d40c478cdab3a8e52409c1a683ee7862d406adc9bdf308e52401c0c7558e1862d40e692aaed268e5240aa6400a8e2862d403b55be67248e5240c6151747e5862d4019e76f42218e524005357c0beb862d407f2e1a321e8e5240dd26dc2bf3862d40d828eb37138e5240f65e7cd11e872d40000341800c8e5240a1bfd02346872d406d6fb724078e5240567daeb662872d402e1c08c9028e524081b2295778872d4024f0879fff8d52407555a01683872d40e48233f8fb8d5240e719fb928d872d4010b22c98f88d5240ea060abc93872d4048c32973f38d524059de550f98872d40151e34bbee8d52401232906797872d40f4fdd478e98d52408c6665fb90872d404fe5b4a7e48d52409206b7b585872d401c40bfefdf8d5240f3599e0777872d4047551344dd8d5240f33cb83b6b872d4013622ea9da8d5240185e49f25c872d404582a966d68d5240da0418963f872d4023145b41d38d5240e257ace122872d408a5b0531d08d5240c37fba8102872d4080492a53cc8d52404c8a8f4fc8862d405e0f26c5c78d52400b0a83328d862d4066683c11c48d52401afd683865862d400fd3beb9bf8d5240aebb79aa43862d40e1b6b6f0bc8d5240cd1fd3da34862d405bd1e638b78d5240b7f1272a1b862d4075c93846b28d5240f8c3cf7f0f862d4030b95164ad8d524020d26f5f07862d4015562aa8a88d5240b7b75b9203862d40a1db4b1aa38d52408cbcac8905862d40c767b27f9e8d5240b1170ad80e862d4040683d7c998d52407bbfd18e1b862d40bf0b5bb3958d52400ff27a3029862d40699082a7908d52400e2c47c840862d409ab0fd648c8d5240c4e9245b5d862d40d8648d7a888d52401497e31588862d4098c3ee3b868d5240b090b932a8862d4022fb20cb828d5240e8667fa0dc862d403ca583f57f8d5240b82231410d872d406d91b41b7d8d524087c1fc1532872d40b0027cb7798d52407024d06053872d40adfbc742748d524040c39b3578872d407bbe66b96c8d5240edf318e599872d403eb0e3bf408d5240c154336b29882d40b1a547533d8d52406f4be48233882d409355116e328d5240632827da55882d404c8c65fa258d5240f964c57075882d4099d87c5c1b8d52400249d8b793882d4019ca8976158d52400a100533a6882d407c0a80f10c8d524026fbe769c0882d403c32569bff8c524007d15ad1e6882d401689096af88c5240b4e4f1b4fc882d406744696ff08c52407bbc900e0f892d40b8e52329e98c52400475caa31b892d409fe74f1bd58c52408c4aea0434892d403f7100fdbe8c524083f755b950892d40b2666490bb8c524034be2f2e55892d4014596b28b58c5240d07d39b35d892d402b16bf29ac8c52405649641f64892d40af25e4839e8c5240e78efe976b892d4073b9c150878c5240ab798ec877892d40a2b5a2cd718c5240db4e5b2382892d40664cc11a678c52403145b9347e892d40c34a0515558c524011a7936c75892d4027a5a0db4b8c52401d21037976892d4059130b7c458c5240863b17467a892d4086764eb3408c524011c4793881892d4087c43d963e8c52403332c85d84892d40ba4c4d82378c5240363cbd5296892d405cc64d0d348c52409c86a8c29f892d406adc9bdf308c52401f82aad1ab892d4014950d6b2a8c524019ff3ee3c2892d40ce1c925a288c5240ec33677dca892d40ff3c0d18248c5240d8497d59da892d408a5a9a5b218c52407f83f6eae3892d4057cf49ef1b8c52408e075becf6892d40ae47e17a148c5240d200de02098a2d4010069e7b0f8c5240f19e03cb118a2d403db7d095088c5240addf4c4c178a2d4023a298bc018c5240eeceda6d178a2d40ee409df2e88b5240a7052ffa0a8a2d4071e5ec9dd18b524058923cd7f7892d401840f850a28b524044faedebc0892d40363cbd52968b5240618e1ebfb7892d40ec884336908b5240a83ae466b8892d40444fcaa4868b5240cf656a12bc892d402497ff907e8b524033c34659bf892d4005f9d9c8758b5240d80fb1c1c2892d40eba9d557578b5240779fe3a3c5892d4073da53724e8b52402766bd18ca892d405d3123bc3d8b52404af1f109d9892d405c5837de1d8b5240eba7ffacf9892d4026c3f17c068b52402157ea59108a2d40e161da37f78a5240f1bbe9961d8a2d402d944c4eed8a5240cf6a813d268a2d406cb07092e68a5240f1d8cf62298a2d4041649126de8a52403e42cd902a8a2d400da5f622da8a52401bd47e6b278a2d40c860c5a9d68a5240b876a224248a2d40edd286c3d28a52408a8ee4f21f8a2d40fa7dffe6c58a52405a9c31cc098a2d4003081f4ab48a524066dcd440f3892d400f7f4dd6a88a52400b0c59ddea892d403659a31ea28a5240b328eca2e8892d409b1bd313968a5240bea25bafe9892d403b8e1f2a8d8a5240aa9b8bbfed892d40ec8502b6838a5240828debdff5892d4005fc1a49828a52409981caf8f7892d40317903cc7c8a5240b262b83a008a2d4090300c58728a52405d8940f50f8a2d401e1b81785d8a52406b2a8bc22e8a2d40fe45d098498a524038dc476e4d8a2d406b4ab20e478a5240e2e5e95c518a2d40865968e7348a524092e68f696d8a2d40f39194f4308a524081cccea2778a2d40a3073e062b8a5240e259828c808a2d40289cdd5a268a5240151c5e10918a2d404df4f928238a524078962023a08a2d402b357ba0158a5240edbb22f8df8a2d40ffe89b340d8a5240bf47fdf50a8b2d400f643db5fa8952403b511212698b2d408cb96b09f98952401900aab8718b2d40812557b1f88952406c26df6c738b2d40e3dd91b1da89524065e256410c8c2d4023a0c211a489524071e481c8228d2d40af08feb792895240afce31207b8d2d400803cfbd87895240cbf3e0eeac8d2d40c87bd5ca84895240cb67791edc8d2d409badbce47f89524022c495b3778e2d400d6fd6e07d895240fd169d2cb58e2d4055698b6b7c8952407c5f5caad28e2d40f7ae415f7a8952404ce141b3eb8e2d40315c1d007189524079ce16105a8f2d40384d9f1d70895240a6d3ba0d6a8f2d40a9da6e826f895240ba4e232d958f2d40680586ac6e895240533e0455a38f2d40217365506d895240cbbf9657ae8f2d40bdfbe3bd6a895240e4a08499b68f2d40ecfa05bb618952408fc70c54c68f2d4025404d2d5b895240726da818e78f2d4069ff03ac55895240286552431b902d4082751c3f548952404f90d8ee1e902d4017f37343538952400057b26323902d40ac70cb47528952406971c63027902d4007f01648508952401938a0a52b902d405bb22ac24d895240fab660a92e902d40edf483ba48895240f12900c633902d407e37ddb243895240081edfde35902d40d8b628b3418952405587dc0c37902d401bf4a5b73f895240b32781cd39902d40a06ea0c03b8952407ae2395b40902d403d2b69c537895240e6e95c514a902d4015e63dce348952404c3448c153902d40d55e44db31895240ffe7305f5e902d409c16bce82b8952407c43e1b375902d40f931e6ae258952403b8e1f2a8d902d4001bf469220895240dd274701a2902d4099d87c5c1b895240e5ee737cb4902d40eee87fb916895240e23b31ebc5902d4044f9821612895240eb025e66d8902d40a71fd4450a8952406a4b1de4f5902d40fd1532570689524076e272bc02912d402288f37002895240fbad9d2809912d40842c0b26fe885240e2e995b20c912d40e5b67d8ffa8852408449f1f109912d40d5b32094f78852400af8359204912d40ee43de72f58852408ae942acfe902d4000fdbe7ff388524034d6fecef6902d40cd237f30f0885240543a58ffe7902d4074266daaee88524070ce88d2de902d40e02a4f20ec88524084b872f6ce902d40d027f224e988524013d731aeb8902d402504abeae58852408544dac69f902d4068757286e288524021ad31e884902d405e49f25cdf885240681f2bf86d902d4059daa9b9dc885240f46dc1525d902d40795be9b5d98852408b36c7b94d902d40fdbb3e73d6885240bbd1c77c40902d40db4df04dd388524096766a2e37902d40ef54c03dcf885240416326512f902d40ebff1ce6cb885240d28bdafd2a902d401d3a3defc6885240a2d3f36e2c902d400d37e0f3c38852406c5ed5592d902d4097546d37c18852400bee073c30902d400a4ad1cabd8852402d5c566133902d4089edee01ba8852404fcaa48636902d407a3881e9b48852406e68ca4e3f902d4035289a07b0885240cf12640454902d400dfd135cac885240d2393fc571902d4097e65608ab8852406b2920ed7f902d4021ea3e00a98852404912842ba0902d40211e8997a7885240438f183db7902d40a54a94bda58852403a3c84f1d3902d40419fc893a488524048c0e8f2e6902d40c5cbd3b9a28852406a6803b001912d40d19332a9a188524062f8889812912d406ce8667fa088524064027e8d24912d404912842ba08852401a868f8829912d409dbaf2599e88524083da6fed44912d409831056b9c885240310bed9c66912d40bc3b32569b8852408cf84ecc7a912d409f3c2cd49a885240c7478b3386912d409f56d11f9a8852408675e3dd91912d406a2fa2ed98885240fa264d83a2912d4024b726dd96885240a83ae466b8912d402096cd1c92885240881057cede912d4024809bc58b885240cc43a67c08922d400d5531957e885240321f10e84c922d40174a26a77688524076525f9676922d40761bd47e6b88524076c6f7c5a5922d40b4e908e0668852407e8d2441b8922d408aae0b3f3888524052d158fb3b932d40fa7c941117885240a7afe76b96932d400745f30016885240cfda6d179a932d40959a3dd00a885240747e8ae3c0932d400e677e350788524002f4fbfecd932d408cbcac890588524093399677d5932d40da8d3ee6038852406b2bf697dd932d40c956975302885240022ec896e5932d4011514cde00885240da1f28b7ed932d4012859675ff875240f9bd4d7ff6932d40b4b0a71dfe8752401e19abcdff932d40253e7782fd875240577bd80b05942d4073f56393fc8752402f6d382c0d942d40bbef181efb875240048f6fef1a942d40bc2363b5f9875240df6dde3829942d4075914259f887524084d72e6d38942d40cff6e80df7875240ac1f9be447942d40b21188d7f5875240d9243fe257942d40b8020af5f487524095826e2f69942d401825e82ff487524014ae47e17a942d40d1782288f387524059a7caf78c942d40e3fdb8fdf2875240de8fdb2f9f942d403672dd94f28752406478ec67b1942d40e3175e49f28752402b508bc1c3942d40d2ac6c1ff2875240f2272a1bd6942d401973d712f2875240faee5696e8942d40601f9dbaf2875240e0bbcd1b27952d40f3e670adf687524014e97e4e41962d40280ea0dff7875240aa99b51490962d407b681f2bf887524079ac1919e4962d406326512ff88752402a73f38de8962d40a515df50f8875240f94b8bfa24972d4028f4fa93f8875240433c122f4f972d40aad216d7f88752404b3d0b4279972d403ece3461fb875240897ac1a739992d402c499eebfb875240831953b0c6992d402b2ff99ffc875240f1643733fa992d4043572250fd87524060b01bb62d9a2d408f72309b008852403bff76d9af9b2d4000e65ab400885240a7069acfb99b2d40e8a38cb80088524005a73e90bc9b2d40b81ff0c000885240a4367172bf9b2d40c4b3041901885240dac87553ca9b2d40070b2769fe8752404f5df92ccf9b2d40240a2debfe8752405437177fdb9b2d40a0dd21c5008852406b9f8ec70c9c2d40d21a834e08885240ec134031b29c2d408463963d098852401749bbd1c79c2d40a56950340f88524050abe80fcd9c2d40145b41d312885240a2d11dc4ce9c2d40ae47e17a148852408bdd3eabcc9c2d4068ec4b361e885240bebc00fbe89c2d40b43ba41820885240eca4be2ced9c2d403160c9552c88524082e15cc30c9d2d4078f2e9b12d885240c7bdf90d139d2d4094bda59c2f885240ff1f274c189d2d4022fc8ba031885240228e75711b9d2d4064eb19c2318852407f2e1a321e9d2d40fe0b0401328852401901158e209d2d403a24b550328852402a38bc20229d2d4016342db132885240b3d30fea229d2d40f243a51133885240b3d30fea229d2d40e695eb6d33885240e9482eff219d2d4021ae9cbd3388524055336b29209d2d40d41055f8338852407a71e2ab1d9d2d4050feee1d35885240e9482eff219d2d405b44149337885240d82e6d382c9d2d403927f6d03e8852409e060c923e9d2d4091d6187442885240c36169e0479d2d406612f5824f8852406bd5ae09699d2d405a4a96935088524021938c9c859d2d404eb6813b50885240ba826dc4939d2d407dec2e5052885240a9f92af9d89d2d4052d7dafb54885240abb184b5319e2d406fbc3b32568852405bcf108e599e2d40bb0b9414588852407db1f7e28b9e2d40029eb47059885240c4b46feeaf9e2d4030a017ee5c885240857d3b89089f2d40dc114e0b5e8852402cd49ae61d9f2d4052280b5f5f8852403d450e11379f2d4004711e4e60885240bd70e7c2489f2d40fa47dfa46988524017f4de1802a02d400b992b836a8852405073f22213a02d40ab5ca8fc6b885240b03a72a433a02d400a3197546d885240880fecf82fa02d407c0c569c6a885240f29881caf89f2d40d09a1f7f69885240bce9961de29f2d40),
(37, 19, 20, 17, '2026-05-22', '16:24:00', 1, 20.00, 'completed', 0x00000000010200000075020000d09a1f7f69885240bce9961de29f2d40227024d060885240105d50df329f2d40228ac91b60885240357ee195249f2d401ccd91955f8852407c0dc171199f2d40a1478c9e5b885240b3b794f3c59e2d40676325e6598852402aa8a8fa959e2d401ae0826c59885240d8648d7a889e2d4021054f21578852408e3a3aae469e2d40465d6bef53885240c2da183be19d2d40f302eca3538852408c48145ad69d2d408f71c5c551885240266daaee919d2d405a4a96935088524021938c9c859d2d406612f5824f8852406bd5ae09699d2d4091d6187442885240c36169e0479d2d403927f6d03e8852409e060c923e9d2d405b44149337885240d82e6d382c9d2d4050feee1d35885240e9482eff219d2d40d41055f8338852407a71e2ab1d9d2d402d42b115348852405dc0cb0c1b9d2d402d42b11534885240be30992a189d2d40a48cb800348852406090f469159d2d40c2a563ce33885240c7bdf90d139d2d40868db27e33885240f1b8a816119d2d40923b6c2233885240a54fabe80f9d2d40e6af90b93288524022718fa50f9d2d400aa0185932885240aa0ce36e109d2d40fe0b040132885240fd321823129d2d407b2de8bd318852405bd3bce3149d2d40598b4f013088524058e6adba0e9d2d403cc093162e8852406ced7daa0a9d2d403160c9552c88524082e15cc30c9d2d40b43ba41820885240eca4be2ced9c2d4068ec4b361e885240bebc00fbe89c2d40ae47e17a148852408bdd3eabcc9c2d4044dfddca12885240145caca8c19c2d40058c2e6f0e885240e486df4db79c2d40e78c28ed0d8852408c868c47a99c2d40240d6e6b0b885240d94125ae639c2d4020d26f5f07885240406a1327f79b2d409df3531c07885240d462f030ed9b2d40744694f606885240f98381e7de9b2d40915f3fc4068852409609bfd4cf9b2d40986a662d05885240e338f06ab99b2d40da59f44e058852407cb43863989b2d4034f3e49a028852407f315bb22a9a2d405340daff00885240d252793bc2992d40e2ccafe60088524029d027f224992d407898f6cdfd87524040a6b5696c972d40857afa08fc87524054e23ac615972d401421753bfb87524021e692aaed962d4068af3e1efa8752404f3dd2e0b6962d40f29881caf8875240d046ae9b52962d40e2c96e66f4875240bb7d569929952d40ad889ae8f3875240999b6f44f7942d4065c22ff5f3875240ab5e7ea7c9942d4048a98427f4875240ef004f5ab8942d406b7f677bf48752407592ad2ea7942d40b8020af5f48752407e02284696942d4047753a90f5875240c861307f85942d402f19c748f6875240959f54fb74942d40cff6e80df787524078d1579066942d40f88903e8f787524020d1048a58942d407b4e7adff88752404bafcdc64a942d406e861bf0f98752407b4ace893d942d4003b68311fb87524070b378b130942d40910e0f61fc8752409b9141ee22942d407898f6cdfd8752400d1cd0d215942d400cc85eeffe87524029b000a60c942d40b9533a58ff875240c652245f09942d4082c476f7008852400725ccb4fd932d4064778192028852405a2e1b9df3932d40cedf844204885240f3e32f2dea932d40d93f4f0306885240572426a8e1932d408597e0d407885240430070ecd9932d40d1e638b709885240f9669b1bd3932d40d66f26a60b88524038691a14cd932d403c6c223317885240f165a208a9932d408e9257e718885240bec0ac50a4932d40e6ac4f39268852406c43c5387f932d4066db696b44885240d3a57f492a932d4059198d7c5e88524097c5c4e6e3922d4009c6c1a563885240b7291e17d5922d4066666666668852406116da39cd922d40bde13e726b8852403d9e961fb8922d4043e1b37570885240d1798d5da2922d403ca583f57f88524038f92d3a59922d407842af3f8988524074b7eba529922d40992ec4ea8f885240a41820d104922d40840d4faf948852403e9468c9e3912d40ed0dbe3099885240e659492bbe912d406afb57569a8852409f909db7b1912d40460bd0b69a885240a260c614ac912d4010b056ed9a885240b6679604a8912d408109dcba9b8852400b410e4a98912d4045bde0d39c885240a8a9656b7d912d4020990e9d9e88524036ab3e575b912d40b37a87dba1885240d996016729912d4048c49448a288524053cbd6fa22912d40ecf65965a68852408f6cae9ae7902d400e4b033faa8852408a1ef818ac902d4090f5d4eaab8852401650a8a78f902d40bf2b82ffad885240d5264eee77902d40c9570229b188524099ba2bbb60902d40e60819c8b38852407dec2e5052902d40dec9a7c7b68852404c1762f547902d40342bdb87bc885240333674b33f902d40dee68d93c2885240b32781cd39902d4005f86ef3c6885240d2a8c0c936902d40fd84b35bcb885240dd2230d637902d4008cbd8d0cd88524077f52a323a902d401211fe45d0885240aa9a20ea3e902d400a9e42aed4885240a4face2f4a902d40a9f92af9d8885240cc423ba759902d40a06cca15de8852409337c0cc77902d40629e95b4e2885240c90391459a902d403baa9a20ea88524015fe0c6fd6902d4004013274ec885240f0dc7bb8e4902d40083c3080f0885240a96a82a8fb902d4041b8020af5885240ac74779d0d912d40280ea0dff7885240badbf5d214912d4079e6e5b0fb885240761c3f541a912d40309e4143ff885240f8fa5a971a912d402e1c08c902895240d68c0c7217912d40af78ea9106895240158f8b6a11912d404240be840a89524020ec14ab06912d407920b24813895240c6e1ccafe6902d4028999cda1989524068075c57cc902d407923f3c81f8952406e8ac745b5902d40c2887d0228895240965e9b8d95902d4076a4face2f89524099f4f75278902d4032ffe89b348952403e07962364902d40e9b6442e38895240b54e5c8e57902d405e656d533c895240c7681d554d902d40bbd1c77c40895240b8019f1f46902d4024b891b2458952404fe78a5242902d406f9f55664a89524069ab92c83e902d40ee93a300518952402a8c2d0439902d403bfda02e52895240d865f84f37902d405eb9de3653895240aa7d3a1e33902d40ed116a86548952408522ddcf29902d4069ff03ac55895240286552431b902d4025404d2d5b895240726da818e78f2d40ecfa05bb618952408fc70c54c68f2d40bdfbe3bd6a895240e4a08499b68f2d40217365506d895240cbbf9657ae8f2d40680586ac6e895240533e0455a38f2d40a9da6e826f895240ba4e232d958f2d40384d9f1d70895240a6d3ba0d6a8f2d40315c1d007189524079ce16105a8f2d40f7ae415f7a8952404ce141b3eb8e2d4055698b6b7c8952407c5f5caad28e2d400d6fd6e07d895240fd169d2cb58e2d409badbce47f89524022c495b3778e2d40c87bd5ca84895240cb67791edc8d2d400803cfbd87895240cbf3e0eeac8d2d40af08feb792895240afce31207b8d2d4023a0c211a489524071e481c8228d2d40e3dd91b1da89524065e256410c8c2d40812557b1f88952406c26df6c738b2d408cb96b09f98952401900aab8718b2d400f643db5fa8952403b511212698b2d40ffe89b340d8a5240bf47fdf50a8b2d402b357ba0158a5240edbb22f8df8a2d404df4f928238a524078962023a08a2d40289cdd5a268a5240151c5e10918a2d406af6402b308a5240b2a19bfd818a2d403fada23f348a5240a9f7544e7b8a2d40dcbddc27478a524024f25d4a5d8a2d401844a4a65d8a5240a1bc8fa3398a2d40486aa164728a524099d87c5c1b8a2d405df92ccf838a524030849cf7ff892d40cfd72c978d8a524027da5548f9892d40e3e13d07968a52403be12538f5892d40ada3aa09a28a5240ad889ae8f3892d400f7f4dd6a88a52408e075becf6892d40df313cf6b38a52405a7f4b00fe892d4006465ed6c48a524043c5387f138a2d40bf654e97c58a5240d21dc4ce148a2d40e23e726bd28a524085ee92382b8a2d406f2f698cd68a5240402fdcb9308a2d40de3aff76d98a5240d4449f8f328a2d40a06cca15de8a5240f1f5b52e358a2d401f1329cde68a5240276bd443348a2d40e5b33c0fee8a52407c613255308a2d405c1e6b46068b524032ab77b81d8a2d403e3f8c101e8b5240213a048e048a2d40231631ec308b524055a52daef1892d4028d6a9f23d8b5240d2a92b9fe5892d40aa9d616a4b8b5240c712d6c6d8892d40577a6d36568b52404704e3e0d2892d40594dd7135d8b52404704e3e0d2892d4036cb65a3738b5240ad31e884d0892d40960a2aaa7e8b5240c138b874cc892d404fc939b1878b52401cec4d0cc9892d40855b3e92928b524030f31dfcc4892d407c80eecb998b524005f86ef3c6892d40dd274701a28b5240e3a6069acf892d40d76d50fbad8b5240c442ad69de892d401cb5c2f4bd8b524038f4160fef892d40c9ab730cc88b52403811fddafa892d404fae2990d98b5240eeb1f4a10b8a2d40f392ffc9df8b5240daaa24b20f8a2d40f24410e7e18b5240aaf23d23118a2d400dc51d6ff28b5240d40ad3f71a8a2d409415c3d5018c524071cadc7c238a2d40a296e656088c52402a1e17d5228a2d402d05a4fd0f8c5240273108ac1c8a2d401fbb0b94148c5240902e36ad148a2d401157cede198c5240c1c93670078a2d40afcc5b751d8c52401f4df564fe892d40a182c30b228c5240ec8a19e1ed892d40f9653046248c5240558847e2e5892d40795a7ee02a8c524002284696cc892d4005fd851e318c52408b89cdc7b5892d40965cc5e2378c52401f65c405a0892d4027bc04a73e8c52401d5bcf108e892d40af230ed9408c524030629f008a892d40124da088458c5240ec8502b683892d4086add9ca4b8c524094a2957b81892d40f2cea10c558c524053b3075a81892d4068976f7d588c52406f641ef983892d40a73b4f3c678c5240bfba2a508b892d40314278b4718c52401d5bcf108e892d406de2e47e878c52406f641ef983892d40013274eca08c52409a42e73576892d400c957f2daf8c5240861e317a6e892d40272f3201bf8c52405ed6c4025f892d408d7c5ef1d48c5240b492567c43892d400805a568e58c52403cf4ddad2c892d40f70489edee8c5240b43ba41820892d403a933655f78c524029965b5a0d892d404d83a279008d5240c0417bf5f1882d40481adcd6168d524051d9b0a6b2882d40a321e3512a8d524021904b1c79882d40d2c26515368d5240e3361ac05b882d403e963e74418d524093a641d13c882d40bd70e7c2488d5240fa997add22882d40ab083719558d5240280ea0dff7872d40ed48f59d5f8d5240b1524145d5872d4046b1dcd26a8d52408f8d40bcae872d4092e68f696d8d524023861dc6a4872d40ddb3aed1728d52403ffd67cd8f872d40274d83a2798d5240c554fa0967872d406808c72c7b8d5240016a6ad95a872d40f51263997e8d5240fc5580ef36872d40f3aace6a818d5240fcfecd8b13872d40459db987848d5240aa6400a8e2862d40d2a755f4878d52400874266daa862d401349f4328a8d5240417fa1478c862d402332ace28d8d5240d350a39064862d40e57d1ccd918d52405038bbb54c862d4018231285968d524014cc988235862d40280cca349a8d524039ed293927862d40b5e21b0a9f8d52402e56d4601a862d40ca880b40a38d524050a73cba11862d405c1c959ba88d52403f70952710862d40e31b0a9fad8d5240ae47e17a14862d40ec134031b28d5240c828cfbc1c862d4014252191b68d52408099efe027862d403b1c5da5bb8d5240a51133fb3c862d40ec3026fdbd8d52403f0114234b862d40c7f2ae7ac08d5240618c48145a862d40006f8104c58d524039d55a9885862d409fe40e9bc88d52403e062b4eb5862d4099f38c7dc98d5240499d8026c2862d40fb027ae1ce8d5240075c57cc08872d405f605628d28d52406ee00ed429872d4063b5f97fd58d52407c8159a148872d40c6de8b2fda8d5240dc48d92269872d40486fb88fdc8d5240e7df2efb75872d405e49f25cdf8d5240b187f6b182872d40bb9ba73ae48d52401abff04a92872d40711fb935e98d5240151f9f909d872d4074266daaee8d5240170caeb9a3872d4042ec4ca1f38d52409aeac9fca3872d40bc3d0801f98d52406745d4449f872d406d1e87c1fc8d52406458c51b99872d4059315c1d008e5240757286e28e872d40e17ec003038e52404b5af10d85872d40732cefaa078e5240a30392b06f872d40ed7daa0a0d8e52409b1f7f6951872d407d7555a0168e5240e527d53e1d872d405c5837de1d8e5240bdc282fb01872d4037001b10218e52409e245d33f9862d406ad95a5f248e5240548b8862f2862d40276893c3278e5240e5b33c0fee862d40a2ed98ba2b8e5240e5b33c0fee862d40af06280d358e524038da71c3ef862d402a7288b8398e52400ddfc2baf1862d402ec72b103d8e5240d769a4a5f2862d401094dbf63d8e52405a48c0e8f2862d40ccd42478438e5240967a1684f2862d402827da55488e52404354e1cff0862d407f880d164e8e52407c992842ea862d40a54bff92548e5240ff5a5eb9de862d404a7ec4af588e52400bb8e7f9d3862d40aef545425b8e5240dae21a9fc9862d4071a94a5b5c8e52407f129f3bc1862d4075caa31b618e5240ecdff599b3862d40df180280638e524024253d0cad862d407ea83462668e52407debc37aa3862d405393e00d698e5240ef75525f96862d40f8c5a52a6d8e52403e92921e86862d40994baab69b8e5240460bd0b69a852d40d6027b4ca48e5240e813799274852d40e048a0c1a68e5240e2395b4068852d40575f5d15a88e5240c9586dfe5f852d409e0b23bda88e5240211ff46c56852d40925d6919a98e524010e84cda54852d40c5025fd1ad8e52404ce0d6dd3c852d40d4484be5ed8e5240433a3c84f1832d40b08f4e5df98e5240c1caa145b6832d40b7eee6a90e8f52406ccf2c0950832d40f38e5374248f5240dee522be13832d40850838842a8f5240fb7953910a832d401ec4ce143a8f5240dec83cf207832d40ae0caa0d4e8f524047e350bf0b832d408718af79558f524011514cde00832d4096cd1c925a8f52402bdb87bce5822d40f8a8bf5e618f5240ae450bd0b6822d403f58c6866e8f52408d63247b84822d407d7a6ccb808f5240a796adf545822d400f0ef626868f52400d8ae6012c822d40c6f99b50888f5240fc3559a31e822d40de21c500898f524071adf6b017822d40906ad8ef898f52401c9ab2d30f822d40c87e164b918f52407d7901f6d1812d40969526a5a08f52408c84b69c4b812d40419fc893a48f5240a9c1340c1f812d40210725ccb48f524071e6577380802d402f6ea301bc8f52401c5f7b6649802d404b3ca06cca8f5240728a8ee4f27f2d40fd6a0e10cc8f5240ab5b3d27bd7f2d402b8716d9ce8f5240ab048bc3997f2d406b0e10ccd18f52403a4030478f7f2d400bef7211df8f52401d8f19a88c7f2d4000c63368e88f52403ae97de36b7f2d40124e0b5ef48f5240732ec555657f2d40f5b9da8afd8f5240e59b6d6e4c7f2d4000000000009052403a3b191c257f2d40ee940ed6ff8f5240aca8c1340c7f2d408446b071fd8f524032e36da5d77e2d404f05dcf3fc8f524077853e58c67e2d4096cb46e7fc8f52405d876a4ab27e2d4049145ad6fd8f5240fddcd0949d7e2d40d1afad9ffe8f5240c45dbd8a8c7e2d405a65a6b4fe8f5240ad4cf8a57e7e2d40e9f17b9bfe8f524022a7afe76b7e2d40185c7347ff8f52402b172aff5a7e2d404792205c019052403944dc9c4a7e2d40f01989d008905240a01a2fdd247e2d40e78c28ed0d90524020d26f5f077e2d408cd9925511905240b49080d1e57d2d405985cd0017905240232e008dd27d2d40273108ac1c90524065c6db4aaf7d2d402a52616c2190524084f068e3887d2d402e8d5f7825905240bd18ca89767d2d408065a549299052402159c0046e7d2d400d7041b62c905240c3b81b446b7d2d40b2d991ea3b90524090300c58727d2d40b5c6a01342905240c6a52a6d717d2d40bebed6a5469052407c0c569c6a7d2d40c8d0b1834a9052403b00e2ae5e7d2d40087250c24c905240630e828e567d2d40d2c8e7154f90524021020ea14a7d2d40ca89761552905240f10f5b7a347d2d4032225168599052407dea58a5f47c2d40a1478c9e5b9052406f66f4a3e17c2d403b00e2ae5e905240919a7631cd7c2d40a41af67b6290524009c556d0b47c2d40dbfae93f6b905240096ea46c917c2d4021904b1c79905240f0fb372f4e7c2d4057ee056685905240d4d688601c7c2d400c7558e19690524043e38920ce7b2d40492c29779f905240a12c7c7dad7b2d40954737c2a2905240ffaf3a72a47b2d40c6504eb4ab905240882ea86f997b2d40d0b359f5b9905240c443183f8d7b2d40b3ebde8ac49052405a290472897b2d407c0e2c47c8905240ec51b81e857b2d403e26529acd90524008e6e8f17b7b2d40d0ed258dd19052407d40a033697b2d40daff006bd590524077499c15517b2d401a6d5512d9905240064b75012f7b2d40ad342905dd9052402575029a087b2d4022fdf675e09052409225732cef7a2d406e32aa0ce3905240a05225cade7a2d40fc56ebc4e5905240c573b680d07a2d4083a44fabe8905240a6d590b8c77a2d403f19e3c3ec9052407bbdfbe3bd7a2d4090a339b2f2905240dffdf15eb57a2d406fba6587f8905240a0de8c9aaf7a2d4081423d7d0491524087e0b88c9b7a2d40deffc70913915240ba2efce07c7a2d40761c3f541a9152405a84622b687a2d40f243a511339152407c444c89247a2d404cfa7b293c9152400d33349e087a2d40d461855b3e91524082aad1ab017a2d406f9f55664a915240e3c3ec65db792d40ac70cb47529152402d060fd3be792d403f1efaee5691524077483140a2792d400d18247d5a91524067d7bd1589792d400b96ea025e915240a86f99d365792d40dbc35e28609152406a16687748792d405d6e30d461915240a321e3512a792d40200890a163915240b2dafcbfea782d40f03504c7659152408a1ef818ac782d40664cc11a67915240e3c798bb96782d406518778368915240572250fd83782d4029cc7b9c6991524021904b1c79782d40342c465d6b915240ff04172b6a782d40b0e595eb6d915240b37e33315d782d403719558671915240bbeead484c782d40f1d7648d7a9152400bd1217024782d40234910ae80915240d234289a07782d40ba313d61899152406cb07092e6772d40473cd9cd8c9152407dca3159dc772d4049dbf81395915240ab7823f3c8772d4017bb7d56999152403ca1d79fc4772d40787c7bd7a0915240f5f411f8c3772d4086e3f90ca89152405952ee3ec7772d405feffe78af915240fe9e58a7ca772d405beb8b84b6915240b9dfa128d0772d40ee98ba2bbb915240d0d38041d2772d40c7f2ae7ac09152407bc03c64ca772d40bf654e97c5915240b4e89d0ab8772d40f3583332c891524075ac527aa6772d408c118942cb91524081ecf5ee8f772d40d2890453cd915240f3599e0777772d40e97de36bcf9152407024d06053772d401ea5129ed0915240eb01f39029772d409b92acc3d1915240c632fd12f1762d40e1f08288d4915240e7e3da5031762d40c2a38d23d6915240e48233f8fb752d40df88ee59d7915240e71890bdde752d40fc3905f9d9915240c8409e5dbe752d40ae9cbd33da91524029b16b7bbb752d40fbeb1516dc915240d48041d2a7752d40ce6e2d93e1915240bb48a12c7c752d40c03e3a75e591524068e89fe062752d40bd3ac780ec915240c1745ab741752d403e97a949f09152406e313f3734752d4048c32973f3915240ccb4fd2b2b752d4011001c7bf6915240d2544fe61f752d40153b1a87fa915240d8f4a0a014752d402288f37002925240f46beba7ff742d4023f3c81f0c9252400b26fe28ea742d4099bb96900f925240865ad3bce3742d40a017ee5c189252402b6d718dcf742d40bb46cb811e925240b6bb07e8be742d40bf9b6ed921925240d34f38bbb5742d4004ac55bb269252405e9ece15a5742d40f52d73ba2c925240ca4e3fa88b742d40ff3f4e98309252404df38e5374742d404450357a35925240d9243fe257742d402219726c3d9252400f09dffb1b742d400b28d4d347925240b8770dfad2732d405f07ce1951925240eb6e9eea90732d400e32c9c859925240adbeba2a50732d40c1e5b166649252405340daff00732d400b7f86376b925240ce001764cb722d40df35e84b6f925240d923d40ca9722d4078d498107392524095f0845e7f722d40cae028797592524051da1b7c61722d40dac9e028799252406b2a8bc22e722d40f7c8e6aa799252409eb29aae27722d406c770fd07d925240ccecf318e5712d40b9fab1497e92524036ea211add712d40accabe2b8292524044a33b889d712d409ece15a5849252408ec8772975712d408c15359886925240f5bbb0355b712d40587380608e925240959d7e5017712d40e99e758d96925240c3f4bd86e0702d406afb57569a9252407fde54a4c2702d4096afcbf09f925240ccd3b9a294702d40a6643909a592524046b1dcd26a702d40cea96400a8925240bedbbc7152702d40cc272b86ab925240cafe791a30702d40c4e8b985ae9252404d86e3f90c702d4076e3dd91b192524014cd0358e46f2d40452bf702b39252407bc03c64ca6f2d4085b2f0f5b5925240abe7a4f78d6f2d40babf7adcb79252407311df89596f2d404eefe2fdb8925240d4f02dac1b6f2d40a12fbdfdb992524077dcf0bbe96e2d403c50a73cba925240fc5069c4cc6e2d402ae5b512ba92524030bc92e4b96e2d40a6d24f38bb925240de3eabcc946e2d404f401361c392524035f10ef0a46d2d405952ee3ec7925240e67805a2276d2d4022c32adec89252402254a9d9036d2d40e1d39cbcc8925240cf108e59f66c2d40ab92c83ec89252400b26fe28ea6c2d40ed9bfbabc7925240de205a2bda6c2d405e0f26c5c7925240d0b9dbf5d26c2d40c70f9546cc925240a3755435416c2d4001da56b3ce9252400ad80e46ec6b2d40db4df04dd3925240037b4ca4346b2d4093399677d5925240c89a9141ee6a2d40e55fcb2bd7925240b41f2922c36a2d40f67ccd72d9925240a661f888986a2d409626a5a0db925240624b8fa67a6a2d405cc7b8e2e29252405a10cafb386a2d40b20e4757e9925240b54fc763066a2d405323f433f592524066683c11c4692d4025581ccefc92524011fe45d098692d402de8bd310493524025917d9065692d403c4f3c670b9352403cf4ddad2c692d40e23ac615179352404b5645b8c9682d4001bf4692209352409337c0cc77682d40919c4cdc2a935240bc7a15191d682d40a22424d2369352404ace893db4672d4035b8ad2d3c935240205f420587672d4081ed60c43e935240988922a46e672d4063d4b5f63e93524040a6b5696c672d40cc086f0f429352408db800344a672d404e999b6f449352404b72c0ae26672d40a08b868c4793524049111956f1662d4052baf42f49935240e65c8aabca662d403239b5334c935240bc96900f7a662d405bb22ac24d9352402eca6c9049662d40fb75a73b4f935240035b25581c662d4083f755b9509352402942ea76f6652d40d61d8b6d5293524029eb3713d3652d4034be2f2e5593524043588d25ac652d40d93ee42d57935240b5c5353e93652d40fb928d075b9352402159c0046e652d408e5a61fa5e935240af5a99f04b652d405649641f64935240990f087426652d40b7f0bc546c935240c1a90f24ef642d40a167b3ea73935240e486df4db7642d40cf83bbb37693524047aaeffca2642d40568330b77b9352402315c61682642d40aa622afd849352404205871744642d40ae9d28098993524034643c4a25642d4046eee9ea8e935240d74fff59f3632d40827170e998935240828e56b5a4632d40efacdd76a1935240282d5c5661632d40eba86a82a8935240c16ed8b628632d40ffe6c589af935240f85278d0ec622d405bd1e638b793524098512cb7b4622d4064af777fbc935240c3d8429083622d40cee33098bf935240c381902c60622d40d8f50b76c3935240c30df8fc30622d409a27d714c8935240a4de5339ed612d402cefaa07cc9352407d224f92ae612d400c3a2174d09352400f9d9e7763612d40a60c1cd0d2935240f294d5743d612d40b6f5d37fd69352407b9faa4203612d407841446ada9352402635b401d8602d400518963fdf9352401e17d522a2602d40fda4daa7e3935240cc7c073f71602d403cdee4b7e8935240473d44a33b602d40278925e5ee935240f568aa27f35f2d40138255f5f29352402e573f36c95f2d40da56b3cef89352406dc83f33885f2d40605628d2fd935240a6b6d4415e5f2d4099840b7904945240f94b8bfa245f2d40240d6e6b0b94524046240a2deb5e2d406494675e0e94524060ae450bd05e2d401b66683c119452405d876a4ab25e2d40decb7d7214945240037d224f925e2d4029e78bbd17945240145d177e705e2d4064b14d2a1a945240c7b94db8575e2d406806f1811d945240fb07910c395e2d40ea961de21f945240f2406491265e2d40c9ad49b725945240ed2c7aa7025e2d40ae9b525e2b9452408c65fa25e25d2d4018d00b772e945240c58d5bcccf5d2d407099d36531945240a6d24f38bb5d2d4087c1fc1532945240ea9106b7b55d2d4063b7cf2a339452404ed2fc31ad5d2d403e93fdf334945240d4635b069c5d2d404302469737945240541b9c887e5d2d40124a5f08399452408d43fd2e6c5d2d40d6e3bed53a94524090d959f44e5d2d40f3e2c4573b945240dd257156445d2d401d76df313c945240da1b7c61325d2d409a7d1ea33c9452402d25cb49285d2d4010ae80423d9452407a54fcdf115d2d40f8510dfb3d945240a8e507aef25c2d40c2f693313e94524009ff2268cc5c2d406308008e3d94524017f2086ea45c2d408ee9094b3c9452406f7ec344835c2d40fb3bdba33794524015c616821c5c2d40a5daa7e331945240da37f7578f5b2d407ec9c6832d945240444df4f9285b2d400ff27a3029945240c556d0b4c45a2d4004ac55bb26945240952a51f6965a2d404703780b24945240849cf7ff715a2d40723271ab209452404913ef004f5a2d4050aa7d3a1e94524054539275385a2d406a882afc1994524099d87c5c1b5a2d40b9a7ab3b169452401f6adb300a5a2d40aaf23d2311945240828debdff5592d4000378b170b945240f4fa93f8dc592d409279e40f06945240d53f8864c8592d4047acc5a700945240f2b6d26bb3592d40f6ed2422fc935240e60297c79a592d408dedb5a0f7935240b153ac1a84592d40dd0c37e0f3935240d09a1f7f69592d40024bae62f19352400f9d9e7763592d40ce716e13ee9352406a334e4354592d40ddef5014e893524059a5f44c2f592d405858703fe09352408a929048db582d40302dea93dc93524027a435069d582d403cf54883db935240249a40118b582d4039d4efc2d6935240c74b378941582d40ce37a27bd69352408ee9094b3c582d40008c67d0d0935240ae65321ccf572d4096236420cf9352408f8d40bcae572d40bb7b80eecb935240f629c76471572d401b9e5e29cb935240d49e927362572d407ff8f9efc1935240b0045262d7562d40feb5bc72bd93524039b874cc79562d40cc272b86ab935240aa807b9e3f552d408f8aff3ba29352407d59daa9b9542d4090be49d3a09352409dbd33daaa542d4010cafb389a935240f9da334b02542d409b1bd3139693524002ba2f67b6532d40de3eabcc9493524024d1cb2896532d4086a92d75909352407505db8827532d40fe277ff78e935240a8363811fd522d4084d6c397899352409d6516a1d8522d40a88fc01f7e93524045f12a6b9b522d40ae9ae7887c935240761893fe5e522d40ccb392567c93524021054f2157522d407bdb4c85789352400893e2e313522d4053cdaca580935240b515fbcbee512d40),
(38, 19, 30, 31, '2026-05-21', '17:12:00', 2, 10.00, 'cancelled', 0x00000000010200000028000000cd565ef23f9d524085cc9541b5912c40b75f3e59319d5240166ef9484a922c40ba2f67b62b9d52402191b6f127922c40247b849a219d5240c45f9335ea912c405f28603b189d524041f0f8f6ae912c40d976da1a119d52408b321b6492912c4096b4e21b0a9d5240e10b93a982912c40b7d100de029d5240a88c7f9f71912c403d80457efd9c5240535c55f65d912c403811fddafa9c5240edf483ba48912c40c90567f0f79c52400c1f115322912c40419e5dbef59c524007280d350a912c408acc5ce0f29c52402f19c748f6902c4000fdbe7ff39c524081221631ec902c40d74fff59f39c52404b732b84d5902c40f59cf4bef19c5240c9207711a6902c40ea08e066f19c5240c34659bf99902c40a3906456ef9c52405265187783902c4087df4db7ec9c524030dae38574902c40306475abe79c524055de8e705a902c409c31cc09da9c5240dee8633e20902c4019028063cf9c524017ba1281ea8f2c40a41ccc26c09c524051dd5cfc6d8f2c407500c45dbd9c5240a6b6d4415e8f2c40e622be13b39c524043024697378f2c40c79bfc169d9c524002486de2e48e2c4087fa5dd89a9c52400da5f622da8e2c4001158e20959c5240b5c189e8d78e2c40f0f78bd9929c52408509a359d98e2c4046eee9ea8e9c52408ae3c0abe58e2c4050172994859c52404feb36a8fd8e2c40346612f5829c5240f6419605138f2c40c6a86bed7d9c52402995f0845e8f2c404a09c1aa7a9c52407b2fbe688f8f2c40bdfe243e779c52400f62670a9d8f2c40d1eb4fe2739c52400f62670a9d8f2c402dedd45c6e9c524059a48977808f2c406939d0436d9c52403aafb14b548f2c40ed9925016a9c52405186aa984a8f2c4054c72aa5679c5240dfde35e84b8f2c40);
INSERT INTO `rides` (`ride_id`, `driver_id`, `source_id`, `destination_id`, `ride_date`, `ride_time`, `available_seats`, `price_per_seat`, `status`, `route_path`) VALUES
(39, 19, 17, 20, '2026-05-22', '13:00:00', 2, 20.00, '', 0x0000000001020000006302000053cdaca580935240b515fbcbee512d4053cdaca580935240b515fbcbee512d407bdb4c85789352400893e2e313522d40ccb392567c93524021054f2157522d40ae9ae7887c935240761893fe5e522d40a88fc01f7e93524045f12a6b9b522d4084d6c397899352409d6516a1d8522d40fe277ff78e935240a8363811fd522d4086a92d75909352407505db8827532d40de3eabcc9493524024d1cb2896532d409b1bd3139693524002ba2f67b6532d4010cafb389a935240f9da334b02542d4090be49d3a09352409dbd33daaa542d408f8aff3ba29352407d59daa9b9542d40cc272b86ab935240aa807b9e3f552d40feb5bc72bd93524039b874cc79562d407ff8f9efc1935240b0045262d7562d401b9e5e29cb935240d49e927362572d40bb7b80eecb935240f629c76471572d4096236420cf9352408f8d40bcae572d40008c67d0d0935240ae65321ccf572d40ce37a27bd69352408ee9094b3c582d4039d4efc2d6935240c74b378941582d403cf54883db935240249a40118b582d40302dea93dc93524027a435069d582d405858703fe09352408a929048db582d40ddef5014e893524059a5f44c2f592d40ce716e13ee9352406a334e4354592d40024bae62f19352400f9d9e7763592d40195932c7f29352405e10919a76592d40db8afd65f79352408675e3dd91592d40de770c8ffd935240a54dd53db2592d407ced99250194524044faedebc0592d4067b5c01e1394524005a6d3ba0d5a2d402310afeb179452402461df4e225a2d40273108ac1c945240024a438d425a2d40cb49287d219452405c7171546e5a2d4070b037312494524098fa7953915a2d40c2a2224e27945240c843dfddca5a2d40bb80971936945240c58cf0f6205c2d400edb166536945240511553e9275c2d40dcba9ba73a945240b16d5166835c2d406a1327f73b945240789ca223b95c2d4094c0e61c3c945240aab5300bed5c2d4011fc6f253b9452409335ea211a5d2d405305a3923a94524047e9d2bf245d2d40897ac1a739945240b8ca13083b5d2d4060e7a6cd389452407fa2b2614d5d2d4031b1f9b836945240930035b56c5d2d40da01d71533945240c6fcdcd0945d2d40936fb6b9319452409561dc0da25d2d40894336902e945240bdc62e51bd5d2d406dc669882a9452407b116dc7d45d2d408fe3874a23945240ba8784effd5d2d40f792c6681d945240b151d66f265e2d40174850fc189452400c790437525e2d40eee87fb91694524036ae7fd7675e2d40cbdb114e0b9452405721e527d55e2d40e7525c55f69352401d8f19a88c5f2d402bf86d88f19352406f29e78bbd5f2d40e5620cace3935240e3361ac05b602d40a4703d0ad7935240543a58ffe7602d4047382d78d19352407099d36531612d406bf12900c6935240350708e6e8612d403defc682c2935240902e36ad14622d40973ac8ebc19352402174d0251c622d40df4e22c2bf93524007ea944737622d4058e71890bd935240c364aa6054622d406aa0f99cbb9352401b82e3326e622d40323ecc5eb6935240af0b3f389f622d4023d74d29af935240a3224e27d9622d4085950a2aaa9352408028983105632d401f65c405a0935240e90df7915b632d40560e2db29d935240802daf5c6f632d4056d7a19a92935240e8120ebdc5632d405b43a9bd88935240fce4284014642d407407b1338593524059bf99982e642d40e23fdd4081935240ae0caa0d4e642d40091a33897a93524039ecbe6378642d403cbce7c0729352407d3cf4ddad642d4082c98d226b935240c74961dee3642d40a69c2ff65e93524085251e5036652d4089eb18575c93524021020ea14a652d402c6519e258935240a14acd1e68652d405d6bef5355935240bd5296218e652d40b804e09f529352400de36e10ad652d402ac6f99b509352403735d07cce652d409c8713984e9352403f36c98ff8652d4062a3acdf4c935240b43ee5982c662d4034a1496249935240aa99b51490662d40ff791a3048935240912c6002b7662d40ca6c904946935240da1ce736e1662d40e9b985ae44935240715985cd00672d40a35bafe94193524032aeb8382a672d4027a25f5b3f935240842ba0504f672d4059c2da183b935240c2a1b77878672d4091ed7c3f3593524061a5828aaa672d40ff08c3802593524066be839f38682d402578431a15935240876bb587bd682d400876fc1708935240d6c6d8092f692d40e63bf88903935240a565a4de53692d401f679ab0fd925240e4dbbb067d692d40a376bf0af09252409cfa40f2ce692d40b476db85e6925240e607aef2046a2d402d776682e1925240c020e9d32a6a2d4012143fc6dc92524093acc3d1556a2d40863dedf0d7925240768c2b2e8e6a2d4088d9cbb6d39252404b22fb20cb6a2d40247cef6fd09252405ed72fd80d6b2d4093020b60ca9252402ae5b512ba6b2d401615713ac9925240a48d23d6e26b2d4071c806d2c592524050e09d7c7a6c2d40ef1d3526c49252404ab4e4f1b46c2d40439259bdc392524050abe80fcd6c2d40e38920cec39252401766a19dd36c2d40f5f411f8c392524055850662d96c2d402fbfd364c692524028f4fa93f86c2d405952ee3ec7925240e67805a2276d2d404f401361c392524035f10ef0a46d2d40a6d24f38bb925240de3eabcc946e2d402ae5b512ba92524030bc92e4b96e2d40b3cef8beb89252402d095053cb6e2d40a83ae466b8925240d272a087da6e2d40e94317d4b79252401e166a4df36e2d4044c362d4b5925240e5b8533a586f2d402db5de6fb49252405f61c1fd806f2d40213b6f63b392524059de550f986f2d4016dba4a2b192524009fce1e7bf6f2d4099d36531b1925240caf962efc56f2d4079cdab3aab925240581d39d219702d401b47acc5a7925240aa9a20ea3e702d403bfc3559a39252406902452c62702d40f6eb4e779e9252400da661f888702d400dc347c4949252401041d5e8d5702d4076c075c58c9252403410cb660e712d4095f3c5de8b9252404277499c15712d40d3db9f8b869252405e9cf86a47712d4015ff7744859252406ff085c954712d40cf86fc338392524078d4981073712d40063065e080925240e1455f419a712d40ba2efce07c925240852348a5d8712d40d847a7ae7c92524066a208a9db712d40eb1a2d077a9252404c35b39602722d40e1d40792779252402d0b26fe28722d400bb6114f769252409372f7393e722d404145d5af74925240873254c554722d40b554de8e70925240e54691b586722d40c85bae7e6c9252407e703e75ac722d4074620fed639252402bf86d88f1722d408ae8d7d64f925240ee3ec7478b732d40f7e978cc4092524010b22c98f8732d40d595cff23c925240f06ab93313742d403b72a4333092524012a452ec68742d404f7974232c92524001a777f17e742d40444df4f928925240a053909f8d742d40a5a31ccc269252403656629e95742d4001a5a1462192524056116e32aa742d40acc5a70018925240e960fd9fc3742d408e8f16670c9252404df8a57ede742d40cf2d7425029252404d327216f6742d4076df313cf69152409148dbf813752d4048a98427f49152404c89247a19752d40616d8c9df0915240ad16d86322752d40da1f28b7ed915240022a1c412a752d405e66d828eb9152409fe925c632752d406b6281afe891524063d4b5f63e752d40626a4b1de49152405d514a0856752d40e275fd82dd91524021938c9c85752d402b8a5759db9152406b49473998752d4073b8567bd8915240577c43e1b3752d408c48145ad6915240ba13ecbfce752d401c23d923d491524086e28e37f9752d40a626c11bd2915240f25d4a5d32762d40b4226aa2cf91524049111956f1762d40d255babbce915240b85cfdd824772d406116da39cd91524029780ab952772d4039b709f7ca915240a9c0c93670772d4046990d32c99152409206b7b585772d40be310400c79152407e1ccd9195772d4001892650c491524070ef1af4a5772d4009e23c9cc0915240a86e2efeb6772d40355f251fbb9152408cdafd2ac0772d40dec9a7c7b69152408cdafd2ac0772d401152b7b3af915240cadc7c23ba772d40e318c91ea19152405648f949b5772d4017bb7d56999152403f541a31b3772d40139a249694915240060fd3beb9772d40629f008a9191524009fce1e7bf772d40e833a0de8c915240c7293a92cb772d40e57adb4c859152404485eae6e2772d40ddd0949d7e915240efc8586dfe772d405da8fc6b799152408318e8da17782d4002f225547091524022ffcc203e782d4075e789e76c91524091f3fe3f4e782d40d0807a336a915240718fa50f5d782d40e2395b40689152400b7f86376b782d403c9f01f566915240e65df58079782d40a2b2614d659152403b8e1f2a8d782d4062f71dc363915240d49ae61da7782d40a4349bc76191524007d15ad1e6782d40467a51bb5f915240707ced9925792d401d01dc2c5e915240e44a3d0b42792d4012a1116c5c915240dec7d11c59792d400e4c6e1459915240c26d6de179792d40f2cea10c559152400684d6c397792d407e3a1e33509152407a522635b4792d400ad7a3703d915240e3fdb8fdf2792d40e140481630915240b58993fb1d7a2d40508d976e1291524098a3c7ef6d7a2d40452a8c2d04915240a087da368c7a2d405d4f745df8905240013274eca07a2d409b374e0af39052404051d9b0a67a2d4004013274ec9052402e3718eab07a2d4083a44fabe89052403d9e961fb87a2d408bfd65f7e4905240bf99982ec47a2d40aa6400a8e2905240e4f4f57ccd7a2d40a60f5d50df905240c2c073efe17a2d401348895ddb905240942f6821017b2d40707d586fd49052401c5c3ae63c7b2d40780ab952cf90524099d4d006607b2d40807d74eaca9052402d077aa86d7b2d40df1ad82ac1905240b6bfb33d7a7b2d40cbf6216fb9905240a2b8e34d7e7b2d4031074147ab905240b30c71ac8b7b2d404e9b711aa290524077f700dd977b2d408109dcba9b90524090f5d4eaab7b2d402bdcf2919490524096ecd808c47b2d40eae923f0879052400168942efd7b2d4066a032fe7d905240b2683a3b197c2d408638d6c56d905240959f54fb747c2d40a3cc0699649052405c77f354877c2d40ffe7305f5e9052407862d68ba17c2d402ac6f99b50905240b0726891ed7c2d405ce674594c90524005fa449e247d2d40f888981249905240ccd1e3f7367d2d4063ee5a423e9052405a643bdf4f7d2d403cf71e2e39905240af5a99f04b7d2d40d99942e7359052403e963e74417d2d40234a7b832f905240e92b4833167d2d40c0ec9e3c2c905240b0c91af5107d2d40359886e1239052403e22a644127d2d406397a8de1a9052403ee8d9acfa7c2d402310afeb179052403ee8d9acfa7c2d4072e140481690524022718fa50f7d2d40357ba0151890524093c6681d557d2d40d21dc4ce149052403db83b6bb77d2d408cd9925511905240b49080d1e57d2d40e78c28ed0d90524020d26f5f077e2d40f01989d008905240a01a2fdd247e2d404792205c019052403944dc9c4a7e2d40185c7347ff8f52402b172aff5a7e2d40e9f17b9bfe8f524022a7afe76b7e2d405a65a6b4fe8f5240ad4cf8a57e7e2d40d1afad9ffe8f5240c45dbd8a8c7e2d4049145ad6fd8f5240fddcd0949d7e2d4096cb46e7fc8f52405d876a4ab27e2d404f05dcf3fc8f524077853e58c67e2d408446b071fd8f524032e36da5d77e2d40ee940ed6ff8f5240aca8c1340c7f2d4000000000009052403a3b191c257f2d40f5b9da8afd8f5240e59b6d6e4c7f2d40124e0b5ef48f5240732ec555657f2d4000c63368e88f52403ae97de36b7f2d400bef7211df8f52401d8f19a88c7f2d406b0e10ccd18f52403a4030478f7f2d402b8716d9ce8f5240ab048bc3997f2d40fd6a0e10cc8f5240ab5b3d27bd7f2d404b3ca06cca8f5240728a8ee4f27f2d402f6ea301bc8f52401c5f7b6649802d40210725ccb48f524071e6577380802d40419fc893a48f5240a9c1340c1f812d40969526a5a08f52408c84b69c4b812d40c87e164b918f52407d7901f6d1812d40906ad8ef898f52401c9ab2d30f822d40de21c500898f524071adf6b017822d40c6f99b50888f5240fc3559a31e822d400f0ef626868f52400d8ae6012c822d407d7a6ccb808f5240a796adf545822d403f58c6866e8f52408d63247b84822d40f8a8bf5e618f5240ae450bd0b6822d4096cd1c925a8f52402bdb87bce5822d408718af79558f524011514cde00832d40ae0caa0d4e8f524047e350bf0b832d401ec4ce143a8f5240dec83cf207832d40850838842a8f5240fb7953910a832d40f38e5374248f5240dee522be13832d40b7eee6a90e8f52406ccf2c0950832d40b08f4e5df98e5240c1caa145b6832d40d4484be5ed8e5240433a3c84f1832d40c5025fd1ad8e52404ce0d6dd3c852d40925d6919a98e524010e84cda54852d409e0b23bda88e5240211ff46c56852d40b6813b50a78e524068cbb91457852d403aae4676a58e52402ac93a1c5d852d40a1db4b1aa38e5240c68844a165852d40812381069b8e52409be447fc8a852d403a03232f6b8e5240147afd497c862d403b376dc6698e52405586713788862d405393e00d698e5240ef75525f96862d407ea83462668e52407debc37aa3862d40df180280638e524024253d0cad862d4075caa31b618e5240ecdff599b3862d4071a94a5b5c8e52407f129f3bc1862d40cc28965b5a8e524085cfd6c1c1862d40b66801da568e524005dec9a7c7862d408f8b6a11518e5240daff006bd5862d40eb724a404c8e524082397afcde862d406473d53c478e524002486de2e4862d40bbb72231418e52401ef98381e7862d40edd79dee3c8e5240d74cbed9e6862d40c478cdab3a8e52409c1a683ee7862d406adc9bdf308e52401c0c7558e1862d40e692aaed268e5240aa6400a8e2862d403b55be67248e5240c6151747e5862d4019e76f42218e524005357c0beb862d407f2e1a321e8e5240dd26dc2bf3862d40d828eb37138e5240f65e7cd11e872d40000341800c8e5240a1bfd02346872d406d6fb724078e5240567daeb662872d402e1c08c9028e524081b2295778872d4024f0879fff8d52407555a01683872d40e48233f8fb8d5240e719fb928d872d4010b22c98f88d5240ea060abc93872d4048c32973f38d524059de550f98872d40151e34bbee8d52401232906797872d40f4fdd478e98d52408c6665fb90872d404fe5b4a7e48d52409206b7b585872d401c40bfefdf8d5240f3599e0777872d4047551344dd8d5240f33cb83b6b872d4013622ea9da8d5240185e49f25c872d404582a966d68d5240da0418963f872d4023145b41d38d5240e257ace122872d408a5b0531d08d5240c37fba8102872d4080492a53cc8d52404c8a8f4fc8862d405e0f26c5c78d52400b0a83328d862d4066683c11c48d52401afd683865862d400fd3beb9bf8d5240aebb79aa43862d40e1b6b6f0bc8d5240cd1fd3da34862d405bd1e638b78d5240b7f1272a1b862d4075c93846b28d5240f8c3cf7f0f862d4030b95164ad8d524020d26f5f07862d4015562aa8a88d5240b7b75b9203862d40a1db4b1aa38d52408cbcac8905862d40c767b27f9e8d5240b1170ad80e862d4040683d7c998d52407bbfd18e1b862d40bf0b5bb3958d52400ff27a3029862d40699082a7908d52400e2c47c840862d409ab0fd648c8d5240c4e9245b5d862d40d8648d7a888d52401497e31588862d4098c3ee3b868d5240b090b932a8862d4022fb20cb828d5240e8667fa0dc862d403ca583f57f8d5240b82231410d872d406d91b41b7d8d524087c1fc1532872d40b0027cb7798d52407024d06053872d40adfbc742748d524040c39b3578872d407bbe66b96c8d5240edf318e599872d403eb0e3bf408d5240c154336b29882d40b1a547533d8d52406f4be48233882d409355116e328d5240632827da55882d404c8c65fa258d5240f964c57075882d4099d87c5c1b8d52400249d8b793882d4019ca8976158d52400a100533a6882d407c0a80f10c8d524026fbe769c0882d403c32569bff8c524007d15ad1e6882d401689096af88c5240b4e4f1b4fc882d406744696ff08c52407bbc900e0f892d40b8e52329e98c52400475caa31b892d409fe74f1bd58c52408c4aea0434892d403f7100fdbe8c524083f755b950892d40b2666490bb8c524034be2f2e55892d4014596b28b58c5240d07d39b35d892d402b16bf29ac8c52405649641f64892d40af25e4839e8c5240e78efe976b892d4073b9c150878c5240ab798ec877892d40a2b5a2cd718c5240db4e5b2382892d40664cc11a678c52403145b9347e892d40c34a0515558c524011a7936c75892d4027a5a0db4b8c52401d21037976892d4059130b7c458c5240863b17467a892d4086764eb3408c524011c4793881892d4087c43d963e8c52403332c85d84892d40ba4c4d82378c5240363cbd5296892d405cc64d0d348c52409c86a8c29f892d406adc9bdf308c52401f82aad1ab892d4014950d6b2a8c524019ff3ee3c2892d40ce1c925a288c5240ec33677dca892d40ff3c0d18248c5240d8497d59da892d408a5a9a5b218c52407f83f6eae3892d4057cf49ef1b8c52408e075becf6892d40ae47e17a148c5240d200de02098a2d4010069e7b0f8c5240f19e03cb118a2d403db7d095088c5240addf4c4c178a2d4023a298bc018c5240eeceda6d178a2d40ee409df2e88b5240a7052ffa0a8a2d4071e5ec9dd18b524058923cd7f7892d401840f850a28b524044faedebc0892d40363cbd52968b5240618e1ebfb7892d40ec884336908b5240a83ae466b8892d40444fcaa4868b5240cf656a12bc892d402497ff907e8b524033c34659bf892d4005f9d9c8758b5240d80fb1c1c2892d40eba9d557578b5240779fe3a3c5892d4073da53724e8b52402766bd18ca892d405d3123bc3d8b52404af1f109d9892d405c5837de1d8b5240eba7ffacf9892d4026c3f17c068b52402157ea59108a2d40e161da37f78a5240f1bbe9961d8a2d402d944c4eed8a5240cf6a813d268a2d406cb07092e68a5240f1d8cf62298a2d4041649126de8a52403e42cd902a8a2d400da5f622da8a52401bd47e6b278a2d40c860c5a9d68a5240b876a224248a2d40edd286c3d28a52408a8ee4f21f8a2d40fa7dffe6c58a52405a9c31cc098a2d4003081f4ab48a524066dcd440f3892d400f7f4dd6a88a52400b0c59ddea892d403659a31ea28a5240b328eca2e8892d409b1bd313968a5240bea25bafe9892d403b8e1f2a8d8a5240aa9b8bbfed892d40ec8502b6838a5240828debdff5892d4005fc1a49828a52409981caf8f7892d40317903cc7c8a5240b262b83a008a2d4090300c58728a52405d8940f50f8a2d401e1b81785d8a52406b2a8bc22e8a2d40fe45d098498a524038dc476e4d8a2d406b4ab20e478a5240e2e5e95c518a2d40865968e7348a524092e68f696d8a2d40f39194f4308a524081cccea2778a2d40a3073e062b8a5240e259828c808a2d40289cdd5a268a5240151c5e10918a2d404df4f928238a524078962023a08a2d402b357ba0158a5240edbb22f8df8a2d40ffe89b340d8a5240bf47fdf50a8b2d400f643db5fa8952403b511212698b2d408cb96b09f98952401900aab8718b2d40812557b1f88952406c26df6c738b2d40e3dd91b1da89524065e256410c8c2d4023a0c211a489524071e481c8228d2d40af08feb792895240afce31207b8d2d400803cfbd87895240cbf3e0eeac8d2d40c87bd5ca84895240cb67791edc8d2d409badbce47f89524022c495b3778e2d400d6fd6e07d895240fd169d2cb58e2d4055698b6b7c8952407c5f5caad28e2d40f7ae415f7a8952404ce141b3eb8e2d40315c1d007189524079ce16105a8f2d40384d9f1d70895240a6d3ba0d6a8f2d40a9da6e826f895240ba4e232d958f2d40680586ac6e895240533e0455a38f2d40217365506d895240cbbf9657ae8f2d40bdfbe3bd6a895240e4a08499b68f2d40ecfa05bb618952408fc70c54c68f2d4025404d2d5b895240726da818e78f2d4069ff03ac55895240286552431b902d4082751c3f548952404f90d8ee1e902d4017f37343538952400057b26323902d40ac70cb47528952406971c63027902d4007f01648508952401938a0a52b902d405bb22ac24d895240fab660a92e902d40edf483ba48895240f12900c633902d407e37ddb243895240081edfde35902d40d8b628b3418952405587dc0c37902d401bf4a5b73f895240b32781cd39902d40a06ea0c03b8952407ae2395b40902d403d2b69c537895240e6e95c514a902d4015e63dce348952404c3448c153902d40d55e44db31895240ffe7305f5e902d409c16bce82b8952407c43e1b375902d40f931e6ae258952403b8e1f2a8d902d4001bf469220895240dd274701a2902d4099d87c5c1b895240e5ee737cb4902d40eee87fb916895240e23b31ebc5902d4044f9821612895240eb025e66d8902d40a71fd4450a8952406a4b1de4f5902d40fd1532570689524076e272bc02912d402288f37002895240fbad9d2809912d40842c0b26fe885240e2e995b20c912d40e5b67d8ffa8852408449f1f109912d40d5b32094f78852400af8359204912d40ee43de72f58852408ae942acfe902d4000fdbe7ff388524034d6fecef6902d40cd237f30f0885240543a58ffe7902d4074266daaee88524070ce88d2de902d40e02a4f20ec88524084b872f6ce902d40d027f224e988524013d731aeb8902d402504abeae58852408544dac69f902d4068757286e288524021ad31e884902d405e49f25cdf885240681f2bf86d902d4059daa9b9dc885240f46dc1525d902d40795be9b5d98852408b36c7b94d902d40fdbb3e73d6885240bbd1c77c40902d40db4df04dd388524096766a2e37902d40ef54c03dcf885240416326512f902d40ebff1ce6cb885240d28bdafd2a902d401d3a3defc6885240a2d3f36e2c902d400d37e0f3c38852406c5ed5592d902d4097546d37c18852400bee073c30902d400a4ad1cabd8852402d5c566133902d4089edee01ba8852404fcaa48636902d407a3881e9b48852406e68ca4e3f902d4035289a07b0885240cf12640454902d400dfd135cac885240d2393fc571902d4097e65608ab8852406b2920ed7f902d4021ea3e00a98852404912842ba0902d40211e8997a7885240438f183db7902d40a54a94bda58852403a3c84f1d3902d40419fc893a488524048c0e8f2e6902d40c5cbd3b9a28852406a6803b001912d40d19332a9a188524062f8889812912d406ce8667fa088524064027e8d24912d404912842ba08852401a868f8829912d409dbaf2599e88524083da6fed44912d409831056b9c885240310bed9c66912d40bc3b32569b8852408cf84ecc7a912d409f3c2cd49a885240c7478b3386912d409f56d11f9a8852408675e3dd91912d406a2fa2ed98885240fa264d83a2912d4024b726dd96885240a83ae466b8912d402096cd1c92885240881057cede912d4024809bc58b885240cc43a67c08922d400d5531957e885240321f10e84c922d40174a26a77688524076525f9676922d40761bd47e6b88524076c6f7c5a5922d40b4e908e0668852407e8d2441b8922d408aae0b3f3888524052d158fb3b932d40fa7c941117885240a7afe76b96932d400745f30016885240cfda6d179a932d40959a3dd00a885240747e8ae3c0932d400e677e350788524002f4fbfecd932d408cbcac890588524093399677d5932d40da8d3ee6038852406b2bf697dd932d40c956975302885240022ec896e5932d4011514cde00885240da1f28b7ed932d4012859675ff875240f9bd4d7ff6932d40b4b0a71dfe8752401e19abcdff932d40253e7782fd875240577bd80b05942d4073f56393fc8752402f6d382c0d942d40bbef181efb875240048f6fef1a942d40bc2363b5f9875240df6dde3829942d4075914259f887524084d72e6d38942d40cff6e80df7875240ac1f9be447942d40b21188d7f5875240d9243fe257942d40b8020af5f487524095826e2f69942d401825e82ff487524014ae47e17a942d40d1782288f387524059a7caf78c942d40e3fdb8fdf2875240de8fdb2f9f942d403672dd94f28752406478ec67b1942d40e3175e49f28752402b508bc1c3942d40d2ac6c1ff2875240f2272a1bd6942d401973d712f2875240faee5696e8942d40601f9dbaf2875240e0bbcd1b27952d40f3e670adf687524014e97e4e41962d40280ea0dff7875240aa99b51490962d407b681f2bf887524079ac1919e4962d406326512ff88752402a73f38de8962d40a515df50f8875240f94b8bfa24972d4028f4fa93f8875240433c122f4f972d40aad216d7f88752404b3d0b4279972d403ece3461fb875240897ac1a739992d402c499eebfb875240831953b0c6992d402b2ff99ffc875240f1643733fa992d4043572250fd87524060b01bb62d9a2d408f72309b008852403bff76d9af9b2d4000e65ab400885240a7069acfb99b2d40e8a38cb80088524005a73e90bc9b2d40b81ff0c000885240a4367172bf9b2d40c4b3041901885240dac87553ca9b2d40070b2769fe8752404f5df92ccf9b2d40240a2debfe8752405437177fdb9b2d40a0dd21c5008852406b9f8ec70c9c2d40d21a834e08885240ec134031b29c2d408463963d098852401749bbd1c79c2d40a56950340f88524050abe80fcd9c2d40145b41d312885240a2d11dc4ce9c2d40ae47e17a148852408bdd3eabcc9c2d4068ec4b361e885240bebc00fbe89c2d40b43ba41820885240eca4be2ced9c2d403160c9552c88524082e15cc30c9d2d4078f2e9b12d885240c7bdf90d139d2d4094bda59c2f885240ff1f274c189d2d4022fc8ba031885240228e75711b9d2d4064eb19c2318852407f2e1a321e9d2d40fe0b0401328852401901158e209d2d403a24b550328852402a38bc20229d2d4016342db132885240b3d30fea229d2d40f243a51133885240b3d30fea229d2d40e695eb6d33885240e9482eff219d2d4021ae9cbd3388524055336b29209d2d40d41055f8338852407a71e2ab1d9d2d4050feee1d35885240e9482eff219d2d405b44149337885240d82e6d382c9d2d403927f6d03e8852409e060c923e9d2d4091d6187442885240c36169e0479d2d406612f5824f8852406bd5ae09699d2d405a4a96935088524021938c9c859d2d404eb6813b50885240ba826dc4939d2d407dec2e5052885240a9f92af9d89d2d4052d7dafb54885240abb184b5319e2d406fbc3b32568852405bcf108e599e2d40bb0b9414588852407db1f7e28b9e2d40029eb47059885240c4b46feeaf9e2d4030a017ee5c885240857d3b89089f2d40dc114e0b5e8852402cd49ae61d9f2d4052280b5f5f8852403d450e11379f2d4004711e4e60885240bd70e7c2489f2d40fa47dfa46988524017f4de1802a02d400b992b836a8852405073f22213a02d40ab5ca8fc6b885240b03a72a433a02d400a3197546d885240880fecf82fa02d407c0c569c6a885240f29881caf89f2d40d09a1f7f69885240bce9961de29f2d40),
(40, 19, 17, 20, '2026-05-27', '14:21:00', 1, 23.00, 'active', 0x0000000001020000006302000053cdaca580935240b515fbcbee512d4053cdaca580935240b515fbcbee512d407bdb4c85789352400893e2e313522d40ccb392567c93524021054f2157522d40ae9ae7887c935240761893fe5e522d40a88fc01f7e93524045f12a6b9b522d4084d6c397899352409d6516a1d8522d40fe277ff78e935240a8363811fd522d4086a92d75909352407505db8827532d40de3eabcc9493524024d1cb2896532d409b1bd3139693524002ba2f67b6532d4010cafb389a935240f9da334b02542d4090be49d3a09352409dbd33daaa542d408f8aff3ba29352407d59daa9b9542d40cc272b86ab935240aa807b9e3f552d40feb5bc72bd93524039b874cc79562d407ff8f9efc1935240b0045262d7562d401b9e5e29cb935240d49e927362572d40bb7b80eecb935240f629c76471572d4096236420cf9352408f8d40bcae572d40008c67d0d0935240ae65321ccf572d40ce37a27bd69352408ee9094b3c582d4039d4efc2d6935240c74b378941582d403cf54883db935240249a40118b582d40302dea93dc93524027a435069d582d405858703fe09352408a929048db582d40ddef5014e893524059a5f44c2f592d40ce716e13ee9352406a334e4354592d40024bae62f19352400f9d9e7763592d40195932c7f29352405e10919a76592d40db8afd65f79352408675e3dd91592d40de770c8ffd935240a54dd53db2592d407ced99250194524044faedebc0592d4067b5c01e1394524005a6d3ba0d5a2d402310afeb179452402461df4e225a2d40273108ac1c945240024a438d425a2d40cb49287d219452405c7171546e5a2d4070b037312494524098fa7953915a2d40c2a2224e27945240c843dfddca5a2d40bb80971936945240c58cf0f6205c2d400edb166536945240511553e9275c2d40dcba9ba73a945240b16d5166835c2d406a1327f73b945240789ca223b95c2d4094c0e61c3c945240aab5300bed5c2d4011fc6f253b9452409335ea211a5d2d405305a3923a94524047e9d2bf245d2d40897ac1a739945240b8ca13083b5d2d4060e7a6cd389452407fa2b2614d5d2d4031b1f9b836945240930035b56c5d2d40da01d71533945240c6fcdcd0945d2d40936fb6b9319452409561dc0da25d2d40894336902e945240bdc62e51bd5d2d406dc669882a9452407b116dc7d45d2d408fe3874a23945240ba8784effd5d2d40f792c6681d945240b151d66f265e2d40174850fc189452400c790437525e2d40eee87fb91694524036ae7fd7675e2d40cbdb114e0b9452405721e527d55e2d40e7525c55f69352401d8f19a88c5f2d402bf86d88f19352406f29e78bbd5f2d40e5620cace3935240e3361ac05b602d40a4703d0ad7935240543a58ffe7602d4047382d78d19352407099d36531612d406bf12900c6935240350708e6e8612d403defc682c2935240902e36ad14622d40973ac8ebc19352402174d0251c622d40df4e22c2bf93524007ea944737622d4058e71890bd935240c364aa6054622d406aa0f99cbb9352401b82e3326e622d40323ecc5eb6935240af0b3f389f622d4023d74d29af935240a3224e27d9622d4085950a2aaa9352408028983105632d401f65c405a0935240e90df7915b632d40560e2db29d935240802daf5c6f632d4056d7a19a92935240e8120ebdc5632d405b43a9bd88935240fce4284014642d407407b1338593524059bf99982e642d40e23fdd4081935240ae0caa0d4e642d40091a33897a93524039ecbe6378642d403cbce7c0729352407d3cf4ddad642d4082c98d226b935240c74961dee3642d40a69c2ff65e93524085251e5036652d4089eb18575c93524021020ea14a652d402c6519e258935240a14acd1e68652d405d6bef5355935240bd5296218e652d40b804e09f529352400de36e10ad652d402ac6f99b509352403735d07cce652d409c8713984e9352403f36c98ff8652d4062a3acdf4c935240b43ee5982c662d4034a1496249935240aa99b51490662d40ff791a3048935240912c6002b7662d40ca6c904946935240da1ce736e1662d40e9b985ae44935240715985cd00672d40a35bafe94193524032aeb8382a672d4027a25f5b3f935240842ba0504f672d4059c2da183b935240c2a1b77878672d4091ed7c3f3593524061a5828aaa672d40ff08c3802593524066be839f38682d402578431a15935240876bb587bd682d400876fc1708935240d6c6d8092f692d40e63bf88903935240a565a4de53692d401f679ab0fd925240e4dbbb067d692d40a376bf0af09252409cfa40f2ce692d40b476db85e6925240e607aef2046a2d402d776682e1925240c020e9d32a6a2d4012143fc6dc92524093acc3d1556a2d40863dedf0d7925240768c2b2e8e6a2d4088d9cbb6d39252404b22fb20cb6a2d40247cef6fd09252405ed72fd80d6b2d4093020b60ca9252402ae5b512ba6b2d401615713ac9925240a48d23d6e26b2d4071c806d2c592524050e09d7c7a6c2d40ef1d3526c49252404ab4e4f1b46c2d40439259bdc392524050abe80fcd6c2d40e38920cec39252401766a19dd36c2d40f5f411f8c392524055850662d96c2d402fbfd364c692524028f4fa93f86c2d405952ee3ec7925240e67805a2276d2d404f401361c392524035f10ef0a46d2d40a6d24f38bb925240de3eabcc946e2d402ae5b512ba92524030bc92e4b96e2d40b3cef8beb89252402d095053cb6e2d40a83ae466b8925240d272a087da6e2d40e94317d4b79252401e166a4df36e2d4044c362d4b5925240e5b8533a586f2d402db5de6fb49252405f61c1fd806f2d40213b6f63b392524059de550f986f2d4016dba4a2b192524009fce1e7bf6f2d4099d36531b1925240caf962efc56f2d4079cdab3aab925240581d39d219702d401b47acc5a7925240aa9a20ea3e702d403bfc3559a39252406902452c62702d40f6eb4e779e9252400da661f888702d400dc347c4949252401041d5e8d5702d4076c075c58c9252403410cb660e712d4095f3c5de8b9252404277499c15712d40d3db9f8b869252405e9cf86a47712d4015ff7744859252406ff085c954712d40cf86fc338392524078d4981073712d40063065e080925240e1455f419a712d40ba2efce07c925240852348a5d8712d40d847a7ae7c92524066a208a9db712d40eb1a2d077a9252404c35b39602722d40e1d40792779252402d0b26fe28722d400bb6114f769252409372f7393e722d404145d5af74925240873254c554722d40b554de8e70925240e54691b586722d40c85bae7e6c9252407e703e75ac722d4074620fed639252402bf86d88f1722d408ae8d7d64f925240ee3ec7478b732d40f7e978cc4092524010b22c98f8732d40d595cff23c925240f06ab93313742d403b72a4333092524012a452ec68742d404f7974232c92524001a777f17e742d40444df4f928925240a053909f8d742d40a5a31ccc269252403656629e95742d4001a5a1462192524056116e32aa742d40acc5a70018925240e960fd9fc3742d408e8f16670c9252404df8a57ede742d40cf2d7425029252404d327216f6742d4076df313cf69152409148dbf813752d4048a98427f49152404c89247a19752d40616d8c9df0915240ad16d86322752d40da1f28b7ed915240022a1c412a752d405e66d828eb9152409fe925c632752d406b6281afe891524063d4b5f63e752d40626a4b1de49152405d514a0856752d40e275fd82dd91524021938c9c85752d402b8a5759db9152406b49473998752d4073b8567bd8915240577c43e1b3752d408c48145ad6915240ba13ecbfce752d401c23d923d491524086e28e37f9752d40a626c11bd2915240f25d4a5d32762d40b4226aa2cf91524049111956f1762d40d255babbce915240b85cfdd824772d406116da39cd91524029780ab952772d4039b709f7ca915240a9c0c93670772d4046990d32c99152409206b7b585772d40be310400c79152407e1ccd9195772d4001892650c491524070ef1af4a5772d4009e23c9cc0915240a86e2efeb6772d40355f251fbb9152408cdafd2ac0772d40dec9a7c7b69152408cdafd2ac0772d401152b7b3af915240cadc7c23ba772d40e318c91ea19152405648f949b5772d4017bb7d56999152403f541a31b3772d40139a249694915240060fd3beb9772d40629f008a9191524009fce1e7bf772d40e833a0de8c915240c7293a92cb772d40e57adb4c859152404485eae6e2772d40ddd0949d7e915240efc8586dfe772d405da8fc6b799152408318e8da17782d4002f225547091524022ffcc203e782d4075e789e76c91524091f3fe3f4e782d40d0807a336a915240718fa50f5d782d40e2395b40689152400b7f86376b782d403c9f01f566915240e65df58079782d40a2b2614d659152403b8e1f2a8d782d4062f71dc363915240d49ae61da7782d40a4349bc76191524007d15ad1e6782d40467a51bb5f915240707ced9925792d401d01dc2c5e915240e44a3d0b42792d4012a1116c5c915240dec7d11c59792d400e4c6e1459915240c26d6de179792d40f2cea10c559152400684d6c397792d407e3a1e33509152407a522635b4792d400ad7a3703d915240e3fdb8fdf2792d40e140481630915240b58993fb1d7a2d40508d976e1291524098a3c7ef6d7a2d40452a8c2d04915240a087da368c7a2d405d4f745df8905240013274eca07a2d409b374e0af39052404051d9b0a67a2d4004013274ec9052402e3718eab07a2d4083a44fabe89052403d9e961fb87a2d408bfd65f7e4905240bf99982ec47a2d40aa6400a8e2905240e4f4f57ccd7a2d40a60f5d50df905240c2c073efe17a2d401348895ddb905240942f6821017b2d40707d586fd49052401c5c3ae63c7b2d40780ab952cf90524099d4d006607b2d40807d74eaca9052402d077aa86d7b2d40df1ad82ac1905240b6bfb33d7a7b2d40cbf6216fb9905240a2b8e34d7e7b2d4031074147ab905240b30c71ac8b7b2d404e9b711aa290524077f700dd977b2d408109dcba9b90524090f5d4eaab7b2d402bdcf2919490524096ecd808c47b2d40eae923f0879052400168942efd7b2d4066a032fe7d905240b2683a3b197c2d408638d6c56d905240959f54fb747c2d40a3cc0699649052405c77f354877c2d40ffe7305f5e9052407862d68ba17c2d402ac6f99b50905240b0726891ed7c2d405ce674594c90524005fa449e247d2d40f888981249905240ccd1e3f7367d2d4063ee5a423e9052405a643bdf4f7d2d403cf71e2e39905240af5a99f04b7d2d40d99942e7359052403e963e74417d2d40234a7b832f905240e92b4833167d2d40c0ec9e3c2c905240b0c91af5107d2d40359886e1239052403e22a644127d2d406397a8de1a9052403ee8d9acfa7c2d402310afeb179052403ee8d9acfa7c2d4072e140481690524022718fa50f7d2d40357ba0151890524093c6681d557d2d40d21dc4ce149052403db83b6bb77d2d408cd9925511905240b49080d1e57d2d40e78c28ed0d90524020d26f5f077e2d40f01989d008905240a01a2fdd247e2d404792205c019052403944dc9c4a7e2d40185c7347ff8f52402b172aff5a7e2d40e9f17b9bfe8f524022a7afe76b7e2d405a65a6b4fe8f5240ad4cf8a57e7e2d40d1afad9ffe8f5240c45dbd8a8c7e2d4049145ad6fd8f5240fddcd0949d7e2d4096cb46e7fc8f52405d876a4ab27e2d404f05dcf3fc8f524077853e58c67e2d408446b071fd8f524032e36da5d77e2d40ee940ed6ff8f5240aca8c1340c7f2d4000000000009052403a3b191c257f2d40f5b9da8afd8f5240e59b6d6e4c7f2d40124e0b5ef48f5240732ec555657f2d4000c63368e88f52403ae97de36b7f2d400bef7211df8f52401d8f19a88c7f2d406b0e10ccd18f52403a4030478f7f2d402b8716d9ce8f5240ab048bc3997f2d40fd6a0e10cc8f5240ab5b3d27bd7f2d404b3ca06cca8f5240728a8ee4f27f2d402f6ea301bc8f52401c5f7b6649802d40210725ccb48f524071e6577380802d40419fc893a48f5240a9c1340c1f812d40969526a5a08f52408c84b69c4b812d40c87e164b918f52407d7901f6d1812d40906ad8ef898f52401c9ab2d30f822d40de21c500898f524071adf6b017822d40c6f99b50888f5240fc3559a31e822d400f0ef626868f52400d8ae6012c822d407d7a6ccb808f5240a796adf545822d403f58c6866e8f52408d63247b84822d40f8a8bf5e618f5240ae450bd0b6822d4096cd1c925a8f52402bdb87bce5822d408718af79558f524011514cde00832d40ae0caa0d4e8f524047e350bf0b832d401ec4ce143a8f5240dec83cf207832d40850838842a8f5240fb7953910a832d40f38e5374248f5240dee522be13832d40b7eee6a90e8f52406ccf2c0950832d40b08f4e5df98e5240c1caa145b6832d40d4484be5ed8e5240433a3c84f1832d40c5025fd1ad8e52404ce0d6dd3c852d40925d6919a98e524010e84cda54852d409e0b23bda88e5240211ff46c56852d40b6813b50a78e524068cbb91457852d403aae4676a58e52402ac93a1c5d852d40a1db4b1aa38e5240c68844a165852d40812381069b8e52409be447fc8a852d403a03232f6b8e5240147afd497c862d403b376dc6698e52405586713788862d405393e00d698e5240ef75525f96862d407ea83462668e52407debc37aa3862d40df180280638e524024253d0cad862d4075caa31b618e5240ecdff599b3862d4071a94a5b5c8e52407f129f3bc1862d40cc28965b5a8e524085cfd6c1c1862d40b66801da568e524005dec9a7c7862d408f8b6a11518e5240daff006bd5862d40eb724a404c8e524082397afcde862d406473d53c478e524002486de2e4862d40bbb72231418e52401ef98381e7862d40edd79dee3c8e5240d74cbed9e6862d40c478cdab3a8e52409c1a683ee7862d406adc9bdf308e52401c0c7558e1862d40e692aaed268e5240aa6400a8e2862d403b55be67248e5240c6151747e5862d4019e76f42218e524005357c0beb862d407f2e1a321e8e5240dd26dc2bf3862d40d828eb37138e5240f65e7cd11e872d40000341800c8e5240a1bfd02346872d406d6fb724078e5240567daeb662872d402e1c08c9028e524081b2295778872d4024f0879fff8d52407555a01683872d40e48233f8fb8d5240e719fb928d872d4010b22c98f88d5240ea060abc93872d4048c32973f38d524059de550f98872d40151e34bbee8d52401232906797872d40f4fdd478e98d52408c6665fb90872d404fe5b4a7e48d52409206b7b585872d401c40bfefdf8d5240f3599e0777872d4047551344dd8d5240f33cb83b6b872d4013622ea9da8d5240185e49f25c872d404582a966d68d5240da0418963f872d4023145b41d38d5240e257ace122872d408a5b0531d08d5240c37fba8102872d4080492a53cc8d52404c8a8f4fc8862d405e0f26c5c78d52400b0a83328d862d4066683c11c48d52401afd683865862d400fd3beb9bf8d5240aebb79aa43862d40e1b6b6f0bc8d5240cd1fd3da34862d405bd1e638b78d5240b7f1272a1b862d4075c93846b28d5240f8c3cf7f0f862d4030b95164ad8d524020d26f5f07862d4015562aa8a88d5240b7b75b9203862d40a1db4b1aa38d52408cbcac8905862d40c767b27f9e8d5240b1170ad80e862d4040683d7c998d52407bbfd18e1b862d40bf0b5bb3958d52400ff27a3029862d40699082a7908d52400e2c47c840862d409ab0fd648c8d5240c4e9245b5d862d40d8648d7a888d52401497e31588862d4098c3ee3b868d5240b090b932a8862d4022fb20cb828d5240e8667fa0dc862d403ca583f57f8d5240b82231410d872d406d91b41b7d8d524087c1fc1532872d40b0027cb7798d52407024d06053872d40adfbc742748d524040c39b3578872d407bbe66b96c8d5240edf318e599872d403eb0e3bf408d5240c154336b29882d40b1a547533d8d52406f4be48233882d409355116e328d5240632827da55882d404c8c65fa258d5240f964c57075882d4099d87c5c1b8d52400249d8b793882d4019ca8976158d52400a100533a6882d407c0a80f10c8d524026fbe769c0882d403c32569bff8c524007d15ad1e6882d401689096af88c5240b4e4f1b4fc882d406744696ff08c52407bbc900e0f892d40b8e52329e98c52400475caa31b892d409fe74f1bd58c52408c4aea0434892d403f7100fdbe8c524083f755b950892d40b2666490bb8c524034be2f2e55892d4014596b28b58c5240d07d39b35d892d402b16bf29ac8c52405649641f64892d40af25e4839e8c5240e78efe976b892d4073b9c150878c5240ab798ec877892d40a2b5a2cd718c5240db4e5b2382892d40664cc11a678c52403145b9347e892d40c34a0515558c524011a7936c75892d4027a5a0db4b8c52401d21037976892d4059130b7c458c5240863b17467a892d4086764eb3408c524011c4793881892d4087c43d963e8c52403332c85d84892d40ba4c4d82378c5240363cbd5296892d405cc64d0d348c52409c86a8c29f892d406adc9bdf308c52401f82aad1ab892d4014950d6b2a8c524019ff3ee3c2892d40ce1c925a288c5240ec33677dca892d40ff3c0d18248c5240d8497d59da892d408a5a9a5b218c52407f83f6eae3892d4057cf49ef1b8c52408e075becf6892d40ae47e17a148c5240d200de02098a2d4010069e7b0f8c5240f19e03cb118a2d403db7d095088c5240addf4c4c178a2d4023a298bc018c5240eeceda6d178a2d40ee409df2e88b5240a7052ffa0a8a2d4071e5ec9dd18b524058923cd7f7892d401840f850a28b524044faedebc0892d40363cbd52968b5240618e1ebfb7892d40ec884336908b5240a83ae466b8892d40444fcaa4868b5240cf656a12bc892d402497ff907e8b524033c34659bf892d4005f9d9c8758b5240d80fb1c1c2892d40eba9d557578b5240779fe3a3c5892d4073da53724e8b52402766bd18ca892d405d3123bc3d8b52404af1f109d9892d405c5837de1d8b5240eba7ffacf9892d4026c3f17c068b52402157ea59108a2d40e161da37f78a5240f1bbe9961d8a2d402d944c4eed8a5240cf6a813d268a2d406cb07092e68a5240f1d8cf62298a2d4041649126de8a52403e42cd902a8a2d400da5f622da8a52401bd47e6b278a2d40c860c5a9d68a5240b876a224248a2d40edd286c3d28a52408a8ee4f21f8a2d40fa7dffe6c58a52405a9c31cc098a2d4003081f4ab48a524066dcd440f3892d400f7f4dd6a88a52400b0c59ddea892d403659a31ea28a5240b328eca2e8892d409b1bd313968a5240bea25bafe9892d403b8e1f2a8d8a5240aa9b8bbfed892d40ec8502b6838a5240828debdff5892d4005fc1a49828a52409981caf8f7892d40317903cc7c8a5240b262b83a008a2d4090300c58728a52405d8940f50f8a2d401e1b81785d8a52406b2a8bc22e8a2d40fe45d098498a524038dc476e4d8a2d406b4ab20e478a5240e2e5e95c518a2d40865968e7348a524092e68f696d8a2d40f39194f4308a524081cccea2778a2d40a3073e062b8a5240e259828c808a2d40289cdd5a268a5240151c5e10918a2d404df4f928238a524078962023a08a2d402b357ba0158a5240edbb22f8df8a2d40ffe89b340d8a5240bf47fdf50a8b2d400f643db5fa8952403b511212698b2d408cb96b09f98952401900aab8718b2d40812557b1f88952406c26df6c738b2d40e3dd91b1da89524065e256410c8c2d4023a0c211a489524071e481c8228d2d40af08feb792895240afce31207b8d2d400803cfbd87895240cbf3e0eeac8d2d40c87bd5ca84895240cb67791edc8d2d409badbce47f89524022c495b3778e2d400d6fd6e07d895240fd169d2cb58e2d4055698b6b7c8952407c5f5caad28e2d40f7ae415f7a8952404ce141b3eb8e2d40315c1d007189524079ce16105a8f2d40384d9f1d70895240a6d3ba0d6a8f2d40a9da6e826f895240ba4e232d958f2d40680586ac6e895240533e0455a38f2d40217365506d895240cbbf9657ae8f2d40bdfbe3bd6a895240e4a08499b68f2d40ecfa05bb618952408fc70c54c68f2d4025404d2d5b895240726da818e78f2d4069ff03ac55895240286552431b902d4082751c3f548952404f90d8ee1e902d4017f37343538952400057b26323902d40ac70cb47528952406971c63027902d4007f01648508952401938a0a52b902d405bb22ac24d895240fab660a92e902d40edf483ba48895240f12900c633902d407e37ddb243895240081edfde35902d40d8b628b3418952405587dc0c37902d401bf4a5b73f895240b32781cd39902d40a06ea0c03b8952407ae2395b40902d403d2b69c537895240e6e95c514a902d4015e63dce348952404c3448c153902d40d55e44db31895240ffe7305f5e902d409c16bce82b8952407c43e1b375902d40f931e6ae258952403b8e1f2a8d902d4001bf469220895240dd274701a2902d4099d87c5c1b895240e5ee737cb4902d40eee87fb916895240e23b31ebc5902d4044f9821612895240eb025e66d8902d40a71fd4450a8952406a4b1de4f5902d40fd1532570689524076e272bc02912d402288f37002895240fbad9d2809912d40842c0b26fe885240e2e995b20c912d40e5b67d8ffa8852408449f1f109912d40d5b32094f78852400af8359204912d40ee43de72f58852408ae942acfe902d4000fdbe7ff388524034d6fecef6902d40cd237f30f0885240543a58ffe7902d4074266daaee88524070ce88d2de902d40e02a4f20ec88524084b872f6ce902d40d027f224e988524013d731aeb8902d402504abeae58852408544dac69f902d4068757286e288524021ad31e884902d405e49f25cdf885240681f2bf86d902d4059daa9b9dc885240f46dc1525d902d40795be9b5d98852408b36c7b94d902d40fdbb3e73d6885240bbd1c77c40902d40db4df04dd388524096766a2e37902d40ef54c03dcf885240416326512f902d40ebff1ce6cb885240d28bdafd2a902d401d3a3defc6885240a2d3f36e2c902d400d37e0f3c38852406c5ed5592d902d4097546d37c18852400bee073c30902d400a4ad1cabd8852402d5c566133902d4089edee01ba8852404fcaa48636902d407a3881e9b48852406e68ca4e3f902d4035289a07b0885240cf12640454902d400dfd135cac885240d2393fc571902d4097e65608ab8852406b2920ed7f902d4021ea3e00a98852404912842ba0902d40211e8997a7885240438f183db7902d40a54a94bda58852403a3c84f1d3902d40419fc893a488524048c0e8f2e6902d40c5cbd3b9a28852406a6803b001912d40d19332a9a188524062f8889812912d406ce8667fa088524064027e8d24912d404912842ba08852401a868f8829912d409dbaf2599e88524083da6fed44912d409831056b9c885240310bed9c66912d40bc3b32569b8852408cf84ecc7a912d409f3c2cd49a885240c7478b3386912d409f56d11f9a8852408675e3dd91912d406a2fa2ed98885240fa264d83a2912d4024b726dd96885240a83ae466b8912d402096cd1c92885240881057cede912d4024809bc58b885240cc43a67c08922d400d5531957e885240321f10e84c922d40174a26a77688524076525f9676922d40761bd47e6b88524076c6f7c5a5922d40b4e908e0668852407e8d2441b8922d408aae0b3f3888524052d158fb3b932d40fa7c941117885240a7afe76b96932d400745f30016885240cfda6d179a932d40959a3dd00a885240747e8ae3c0932d400e677e350788524002f4fbfecd932d408cbcac890588524093399677d5932d40da8d3ee6038852406b2bf697dd932d40c956975302885240022ec896e5932d4011514cde00885240da1f28b7ed932d4012859675ff875240f9bd4d7ff6932d40b4b0a71dfe8752401e19abcdff932d40253e7782fd875240577bd80b05942d4073f56393fc8752402f6d382c0d942d40bbef181efb875240048f6fef1a942d40bc2363b5f9875240df6dde3829942d4075914259f887524084d72e6d38942d40cff6e80df7875240ac1f9be447942d40b21188d7f5875240d9243fe257942d40b8020af5f487524095826e2f69942d401825e82ff487524014ae47e17a942d40d1782288f387524059a7caf78c942d40e3fdb8fdf2875240de8fdb2f9f942d403672dd94f28752406478ec67b1942d40e3175e49f28752402b508bc1c3942d40d2ac6c1ff2875240f2272a1bd6942d401973d712f2875240faee5696e8942d40601f9dbaf2875240e0bbcd1b27952d40f3e670adf687524014e97e4e41962d40280ea0dff7875240aa99b51490962d407b681f2bf887524079ac1919e4962d406326512ff88752402a73f38de8962d40a515df50f8875240f94b8bfa24972d4028f4fa93f8875240433c122f4f972d40aad216d7f88752404b3d0b4279972d403ece3461fb875240897ac1a739992d402c499eebfb875240831953b0c6992d402b2ff99ffc875240f1643733fa992d4043572250fd87524060b01bb62d9a2d408f72309b008852403bff76d9af9b2d4000e65ab400885240a7069acfb99b2d40e8a38cb80088524005a73e90bc9b2d40b81ff0c000885240a4367172bf9b2d40c4b3041901885240dac87553ca9b2d40070b2769fe8752404f5df92ccf9b2d40240a2debfe8752405437177fdb9b2d40a0dd21c5008852406b9f8ec70c9c2d40d21a834e08885240ec134031b29c2d408463963d098852401749bbd1c79c2d40a56950340f88524050abe80fcd9c2d40145b41d312885240a2d11dc4ce9c2d40ae47e17a148852408bdd3eabcc9c2d4068ec4b361e885240bebc00fbe89c2d40b43ba41820885240eca4be2ced9c2d403160c9552c88524082e15cc30c9d2d4078f2e9b12d885240c7bdf90d139d2d4094bda59c2f885240ff1f274c189d2d4022fc8ba031885240228e75711b9d2d4064eb19c2318852407f2e1a321e9d2d40fe0b0401328852401901158e209d2d403a24b550328852402a38bc20229d2d4016342db132885240b3d30fea229d2d40f243a51133885240b3d30fea229d2d40e695eb6d33885240e9482eff219d2d4021ae9cbd3388524055336b29209d2d40d41055f8338852407a71e2ab1d9d2d4050feee1d35885240e9482eff219d2d405b44149337885240d82e6d382c9d2d403927f6d03e8852409e060c923e9d2d4091d6187442885240c36169e0479d2d406612f5824f8852406bd5ae09699d2d405a4a96935088524021938c9c859d2d404eb6813b50885240ba826dc4939d2d407dec2e5052885240a9f92af9d89d2d4052d7dafb54885240abb184b5319e2d406fbc3b32568852405bcf108e599e2d40bb0b9414588852407db1f7e28b9e2d40029eb47059885240c4b46feeaf9e2d4030a017ee5c885240857d3b89089f2d40dc114e0b5e8852402cd49ae61d9f2d4052280b5f5f8852403d450e11379f2d4004711e4e60885240bd70e7c2489f2d40fa47dfa46988524017f4de1802a02d400b992b836a8852405073f22213a02d40ab5ca8fc6b885240b03a72a433a02d400a3197546d885240880fecf82fa02d407c0c569c6a885240f29881caf89f2d40d09a1f7f69885240bce9961de29f2d40);

-- --------------------------------------------------------

--
-- Table structure for table `trips`
--

CREATE TABLE `trips` (
  `trip_id` int(11) NOT NULL,
  `driver_id` int(11) NOT NULL,
  `source_id` int(11) NOT NULL,
  `destination_id` int(11) NOT NULL,
  `trip_date` date NOT NULL,
  `trip_time` time NOT NULL,
  `seats_available` int(11) NOT NULL,
  `rate_per_km` decimal(5,2) NOT NULL,
  `status` enum('active','completed','cancelled') DEFAULT 'active',
  `created_at` timestamp NOT NULL DEFAULT current_timestamp()
) ENGINE=InnoDB DEFAULT CHARSET=utf8mb4 COLLATE=utf8mb4_general_ci;

-- --------------------------------------------------------

--
-- Table structure for table `users`
--

CREATE TABLE `users` (
  `user_id` int(11) NOT NULL,
  `name` varchar(100) NOT NULL,
  `phone` varchar(15) NOT NULL,
  `email` varchar(100) DEFAULT NULL,
  `email_verified` tinyint(1) DEFAULT 0,
  `password_hash` varchar(255) NOT NULL,
  `otp_code` varchar(6) DEFAULT NULL,
  `otp_expires_at` datetime DEFAULT NULL,
  `phone_verified` tinyint(1) DEFAULT 0,
  `profile_completed` tinyint(1) DEFAULT 0,
  `profile_completion_percentage` int(11) DEFAULT 0,
  `role` enum('passenger','driver','admin') DEFAULT 'passenger',
  `profile_photo` varchar(255) DEFAULT 'default.jpg',
  `emergency_contact_name` varchar(100) DEFAULT NULL,
  `emergency_contact_phone` varchar(15) DEFAULT NULL,
  `gender` enum('male','female','other') DEFAULT NULL,
  `rating_avg` decimal(2,1) DEFAULT 0.0,
  `total_trips` int(11) DEFAULT 0,
  `status` enum('active','blocked') DEFAULT 'active',
  `created_at` timestamp NOT NULL DEFAULT current_timestamp(),
  `bio` text DEFAULT NULL,
  `car_model` varchar(100) DEFAULT NULL,
  `car_number` varchar(20) DEFAULT NULL,
  `state` varchar(100) DEFAULT 'Karnataka',
  `district` varchar(100) DEFAULT NULL,
  `taluku` varchar(100) DEFAULT NULL,
  `verification_status` enum('unverified','pending','verified','rejected') DEFAULT 'unverified',
  `is_admin` tinyint(1) DEFAULT 0,
  `rating` decimal(3,2) DEFAULT 5.00
) ENGINE=InnoDB DEFAULT CHARSET=utf8mb4 COLLATE=utf8mb4_general_ci;

--
-- Dumping data for table `users`
--

INSERT INTO `users` (`user_id`, `name`, `phone`, `email`, `email_verified`, `password_hash`, `otp_code`, `otp_expires_at`, `phone_verified`, `profile_completed`, `profile_completion_percentage`, `role`, `profile_photo`, `emergency_contact_name`, `emergency_contact_phone`, `gender`, `rating_avg`, `total_trips`, `status`, `created_at`, `bio`, `car_model`, `car_number`, `state`, `district`, `taluku`, `verification_status`, `is_admin`, `rating`) VALUES
(1, 'Admin User', '9999999999', 'admin@waymate.com', 0, '$2y$10$92IXUNpkjO0rOQ5byMi.Ye4oKoEa3Ro9llC/.og/at2.uheWG/igi', NULL, NULL, 1, 0, 33, 'admin', 'default.jpg', NULL, NULL, NULL, 0.0, 0, 'active', '2026-03-20 04:18:58', NULL, NULL, NULL, 'Karnataka', NULL, NULL, 'unverified', 0, 5.00),
(2, 'Prateek Naik', '9945924656', 'obob22945@gmail.com', 1, '$2y$10$tPI6uFXwVK80yQLvLUsrP.f.cqMDCEOgywdeptgsb01Yxn23cdi3O', 'h', NULL, 1, 1, 90, 'passenger', 'default.jpg', 'Pappa', '9480477918', NULL, 0.0, 0, 'active', '2026-03-22 11:44:00', NULL, NULL, NULL, 'Karnataka', NULL, NULL, 'verified', 1, 5.00),
(3, 'Waymate', '9606118642', NULL, 0, '$2y$10$itpQslYJ92J8jehzUbwr0uBoy0kaQnq/VfUndUo7OtrueEaeFSeW2', NULL, NULL, 0, 0, 0, 'passenger', 'default.jpg', NULL, NULL, NULL, 0.0, 0, 'active', '2026-03-23 15:00:41', NULL, NULL, NULL, 'Karnataka', NULL, NULL, 'unverified', 0, 5.00),
(4, 'Bharath', '8861339872', NULL, 0, '$2y$10$v20ZL3wnhQ.8lJ2ea4MKGet8xFgleClAim//7iuJ2xnWOeU7Ltq6K', NULL, NULL, 0, 1, 0, 'passenger', 'default.jpg', NULL, NULL, NULL, 0.0, 0, 'active', '2026-03-27 04:39:30', NULL, NULL, NULL, 'Karnataka', 'Uttara Kannada', 'Ankola', 'unverified', 0, 5.00),
(6, 'Prateek Naik', '9945924657', NULL, 0, '$2y$10$WjmD.zupYRSWPt28fctwd.r3X8ckEMz11ZYaXJ1wvbbe8GBwoAQYm', NULL, NULL, 0, 0, 0, 'passenger', 'default.jpg', NULL, NULL, NULL, 0.0, 0, 'active', '2026-03-28 10:13:58', NULL, NULL, NULL, 'Karnataka', NULL, NULL, 'unverified', 0, 5.00),
(11, 'Dheeraj Naik', '9353740159', NULL, 0, '$2y$10$z/uMCtl8OQAo7LBiBJXebOmVXOEzFDhMzvYU7HBsQQSMCAFZudtwu', '610493', '2026-03-28 12:03:49', 1, 1, 100, 'passenger', 'default.jpg', NULL, NULL, NULL, 0.0, 0, 'active', '2026-03-28 10:37:07', 'Come on buddy!', NULL, NULL, 'Karnataka', NULL, NULL, 'unverified', 0, 5.00),
(12, 'Bharath', '9812673234', NULL, 0, '$2y$10$YphTaO5v8XDvxqHGA4moc.c4KKrkn3jiRy5LV.7UJ4ZbazxVIPxWi', NULL, NULL, 0, 1, 0, 'driver', 'default.jpg', NULL, NULL, NULL, 0.0, 0, 'active', '2026-03-28 11:14:58', NULL, NULL, NULL, 'Karnataka', 'Uttara Kannada', 'Ankola', 'rejected', 0, 5.00),
(13, 'Punya', '123456789', NULL, 0, '$2y$10$Tg0m.h4I6A7py2gRrLlIDOspijGY9YfiWSS8m4Tp7y6Vta0sAh9ve', '352612', '2026-03-28 12:31:23', 1, 1, 100, 'passenger', 'default.jpg', NULL, NULL, NULL, 0.0, 0, 'active', '2026-03-28 11:21:12', NULL, NULL, NULL, 'Karnataka', 'Uttara Kannada', 'Ankola', 'verified', 0, 5.00),
(14, 'Prateek Naik', '9945924646', NULL, 0, '$2y$10$1ioAsLEevOHHAE9bAXBxI.xUCF214TPFsjSMEBAYJQoV8yZ5SBqpO', NULL, NULL, 0, 1, 0, 'driver', 'default.jpg', NULL, NULL, NULL, 0.0, 0, 'active', '2026-03-28 11:23:06', 'Yo Buddyy, Come lets goooo!', 'Swift', 'KA 30 Y 5029', 'Karnataka', 'Uttara Kannada', 'Ankola', 'verified', 0, 5.00),
(15, 'Bharath', '9355540159', NULL, 0, '$2y$10$7kD1DzslEGyzNY0Ul5g0R.Rrg7Cmxsu71NCGVd4lrFBgs8ybrOEUe', '984405', '2026-03-28 15:53:15', 1, 1, 100, 'driver', 'default.jpg', NULL, NULL, NULL, 0.0, 0, 'active', '2026-03-28 14:40:17', NULL, NULL, NULL, 'Karnataka', NULL, NULL, 'unverified', 0, 5.00),
(16, 'Punith Kumar', '2323232323', NULL, 0, '$2y$10$/Otch0fcjviL3TbrYH6tre8rFLVIYYysTsWr6gxiRAnOb6BUnzi7W', '436015', '2026-03-29 08:56:51', 1, 1, 100, 'passenger', 'default.jpg', NULL, NULL, NULL, 0.0, 0, 'active', '2026-03-29 06:46:38', NULL, NULL, NULL, 'Karnataka', NULL, NULL, 'unverified', 0, 5.00),
(17, 'Akash A', '5674812897', NULL, 0, '$2y$10$/yo57glS9crXlIxiE3qh8OM6dlyQyJqrlDgvqKjoK5qq6nTwYww9.', '507944', '2026-03-29 09:08:35', 1, 1, 100, 'passenger', 'default.jpg', NULL, NULL, NULL, 0.0, 0, 'active', '2026-03-29 06:58:24', NULL, NULL, NULL, 'Karnataka', NULL, NULL, 'unverified', 0, 5.00),
(18, 'Punith Kumar', 'Punith Kumar', NULL, 0, '$2y$10$LOIL3Bn5kpLGUKZS4lo1p.R0vb48n8BuVcgdn/iLf1Lrs1prgP7au', '497169', '2026-03-29 09:22:40', 1, 1, 100, 'passenger', 'default.jpg', NULL, NULL, NULL, 0.0, 0, 'active', '2026-03-29 07:12:34', NULL, NULL, NULL, 'Karnataka', NULL, NULL, 'unverified', 0, 5.00),
(19, 'Mahesh', '8989677645', NULL, 0, '$2y$10$mIue85LIqYjpP3//okpSxubGdgAW8KGhgXDjZwG6pQ4MpZuKVzMRG', NULL, NULL, 0, 1, 0, 'driver', 'default.jpg', NULL, NULL, NULL, 0.0, 0, 'active', '2026-03-29 07:14:15', NULL, NULL, NULL, 'Karnataka', 'Uttara Kannada', 'Ankola', 'verified', 0, 5.00),
(20, 'Devdutt', '1231231212', NULL, 0, '$2y$10$VrN//4y8QIp7TKYwhxjz9uE537Y105Yg/J39sJvIUi7ME9QFxg7by', NULL, NULL, 0, 0, 0, 'driver', 'default.jpg', NULL, NULL, NULL, 0.0, 0, 'active', '2026-03-29 07:22:42', NULL, NULL, NULL, 'Karnataka', NULL, NULL, 'unverified', 0, 5.00),
(21, 'Shilpa', '3415251762', NULL, 0, '$2y$10$CqU//ScUnSk9ws1zFzklHuAACijOtjnmKhpfeidkwRhr6wTMuuv2m', '747468', '2026-03-29 11:47:59', 1, 1, 100, 'passenger', 'default.jpg', NULL, NULL, NULL, 0.0, 0, 'active', '2026-03-29 09:37:46', NULL, NULL, NULL, 'Karnataka', 'Uttara Kannada', 'Karwar', 'verified', 0, 5.00),
(22, 'Aryan Naik', '8935327634', NULL, 0, '$2y$10$r.iGPZQ5CjN3nw6.68dJz.Oz4kbqsVDck2FlRU8XUoWOljRqljcqm', NULL, NULL, 0, 1, 0, 'passenger', 'default.jpg', NULL, NULL, NULL, 0.0, 0, 'active', '2026-04-02 04:26:41', NULL, NULL, NULL, 'Karnataka', 'Dharwad', 'Hubballi', 'verified', 0, 5.00),
(23, 'Prateekz', '9945924664', NULL, 0, '$2y$10$x0vkMZR3NhpuiA3lIya56ey0YsgQHeD/M7WYhU747SpM0E/TTnYea', NULL, NULL, 0, 0, 0, 'driver', 'default.jpg', NULL, NULL, NULL, 0.0, 0, 'active', '2026-04-10 19:31:43', NULL, NULL, NULL, 'Karnataka', NULL, NULL, 'unverified', 0, 5.00),
(24, 'Ashley', '9945924666', NULL, 0, '$2y$10$LXbhvDeJHcT35jztCrQLu.kty7yiLa2W79JkLj8R61egpilY.zNRu', NULL, NULL, 0, 0, 0, 'passenger', 'default.jpg', NULL, NULL, NULL, 0.0, 0, 'active', '2026-04-10 19:32:40', NULL, NULL, NULL, 'Karnataka', NULL, NULL, 'verified', 0, 5.00),
(25, 'Prateek', '9000000001', NULL, 0, '$2y$10$DdZvokuRh2G8UnYFWaG1L.Ykru1YVnDQi.LJRXSCro7Y6kQk5Ryua', NULL, NULL, 0, 0, 0, 'driver', 'default.jpg', NULL, NULL, NULL, 0.0, 0, 'active', '2026-04-10 19:38:31', NULL, NULL, NULL, 'Karnataka', NULL, NULL, 'unverified', 0, 5.00),
(26, 'Ashley', '9000000002', NULL, 0, '$2y$10$I9oi3DTId2pEE47PuQrJDe7ADG8OfIwIVLlWlyqIFappD.jBIMo7m', NULL, NULL, 0, 0, 0, 'passenger', 'default.jpg', NULL, NULL, NULL, 0.0, 0, 'active', '2026-04-10 19:40:14', NULL, NULL, NULL, 'Karnataka', NULL, NULL, 'unverified', 0, 5.00),
(27, 'Prateek', '9000000003', NULL, 0, '$2y$10$Csx/JbmH4zBsk9/BTjzDOOxMEtsi.hYuZPMORNvJwq.XpXXNOXzdi', NULL, NULL, 0, 1, 0, 'driver', 'default.jpg', NULL, NULL, NULL, 0.0, 0, 'active', '2026-04-10 19:42:58', NULL, NULL, NULL, 'Karnataka', 'Uttara Kannada', 'Ankola', 'verified', 0, 5.00),
(28, 'Ashley', '9000000004', NULL, 0, '$2y$10$9mXlQxiKrXQ1dL.NPViqMukpB9P7QzL6nhnvoIoed5mYw/BGW3Ygq', NULL, NULL, 0, 1, 0, 'passenger', 'default.jpg', NULL, NULL, NULL, 0.0, 0, 'active', '2026-04-10 19:43:20', NULL, NULL, NULL, 'Karnataka', 'Uttara Kannada', 'Ankola', 'unverified', 0, 5.00),
(29, 'Shanaya', '9666666666', NULL, 0, '$2y$10$r9T2oqQNvxMetiMy/N/B9.otTWMBjuBezJT2FjUW25XztM7R5SSOi', NULL, NULL, 0, 1, 0, 'passenger', 'default.jpg', NULL, NULL, NULL, 0.0, 0, 'active', '2026-04-23 15:11:06', NULL, NULL, NULL, 'Karnataka', 'Uttara Kannada', 'Sirsi', 'verified', 0, 5.00),
(30, 'ALAFLOWRA', '9666666667', NULL, 0, '$2y$10$koN8BoIFDtRSdIVAQPb19uWciZfPJ/yWL.EIhcgns.whrdrRqr8Ia', NULL, NULL, 0, 1, 0, 'driver', 'default.jpg', NULL, NULL, NULL, 0.0, 0, 'active', '2026-04-23 16:05:36', NULL, NULL, NULL, 'Karnataka', 'Uttara Kannada', 'Ankola', 'verified', 0, 5.00),
(31, 'Shanaya', '9090990909', NULL, 0, '$2y$10$tyV2m973TtREKL5TZk.qN.crxB6NzQPbIneAzdxtq9g4tCmiTHk/W', NULL, NULL, 0, 1, 0, 'passenger', 'default.jpg', NULL, NULL, NULL, 0.0, 0, 'active', '2026-04-23 16:40:11', NULL, NULL, NULL, 'Karnataka', 'Uttara Kannada', 'Ankola', 'verified', 0, 5.00),
(32, 'Vikas', '9666666668', NULL, 0, '$2y$10$zQpAsYbRRcddFYCPhosUTemQncWaUOI7YMRiA4WhFQAfLIwHr1SJG', NULL, NULL, 0, 1, 0, 'passenger', 'default.jpg', NULL, NULL, NULL, 0.0, 0, 'active', '2026-04-24 03:47:47', NULL, NULL, NULL, 'Karnataka', 'Uttara Kannada', 'Ankola', 'unverified', 0, 5.00),
(33, 'Sandeep Naik', '9967894565', NULL, 0, '$2y$10$2pjxBMoeCmSuaoUHdcUvaevCevlipc0bjFjzDOYCd6dHfVsZoL8tq', NULL, NULL, 0, 0, 0, 'driver', 'default.jpg', NULL, NULL, NULL, 0.0, 0, 'active', '2026-05-24 17:51:12', NULL, NULL, NULL, 'Karnataka', NULL, NULL, 'unverified', 0, 5.00),
(34, 'Sandeep Naik', '6767576600', NULL, 0, '$2y$10$pjBk/xJBjcLM0rHGEamt3.rZDfhDmz2bJasALC0qyAzcltjLsiUUW', NULL, NULL, 0, 1, 0, 'passenger', 'default.jpg', NULL, NULL, NULL, 0.0, 0, 'active', '2026-05-24 17:52:00', NULL, NULL, NULL, 'Karnataka', '', '', 'unverified', 0, 5.00),
(35, 'Suhas', '8988045612', NULL, 0, '$2y$10$oYlQlPEp6Lmh3mtLbmb2Au96wWasHxr3UZ12Hgc0onfG366hbLUB.', NULL, NULL, 0, 0, 0, 'driver', 'default.jpg', NULL, NULL, NULL, 0.0, 0, 'active', '2026-05-27 06:47:48', NULL, NULL, NULL, 'Karnataka', NULL, NULL, 'verified', 0, 5.00),
(36, 'Passenger', '9945454545', NULL, 0, '$2y$10$azZkGtP8JrK.zrsPqwE7UeXRpeW0wwHM0XS3YVBVego.mNxgW5zpS', NULL, NULL, 0, 0, 0, 'passenger', 'default.jpg', NULL, NULL, NULL, 0.0, 0, 'active', '2026-05-27 10:16:29', NULL, NULL, NULL, 'Karnataka', NULL, NULL, 'pending', 0, 5.00);

-- --------------------------------------------------------

--
-- Table structure for table `user_documents`
--

CREATE TABLE `user_documents` (
  `doc_id` int(11) NOT NULL,
  `user_id` int(11) NOT NULL,
  `document_type` enum('aadhaar','driving_license') NOT NULL,
  `id_number` varchar(50) NOT NULL,
  `document_path` varchar(255) NOT NULL,
  `selfie_path` varchar(255) DEFAULT NULL,
  `submitted_at` timestamp NOT NULL DEFAULT current_timestamp()
) ENGINE=InnoDB DEFAULT CHARSET=utf8mb4 COLLATE=utf8mb4_general_ci;

--
-- Dumping data for table `user_documents`
--

INSERT INTO `user_documents` (`doc_id`, `user_id`, `document_type`, `id_number`, `document_path`, `selfie_path`, `submitted_at`) VALUES
(1, 12, 'driving_license', 'KA30Y1902', '', NULL, '2026-04-23 04:18:53'),
(2, 14, 'driving_license', 'UP1420040010213', 'dl_user_14_1776919349.jpg', 'selfie_user_14_1776919349.jpg', '2026-04-23 04:42:29'),
(3, 27, 'driving_license', 'KA30041012664885', 'dl_user_27_1776920334.jpg', 'selfie_user_27_1776920334.jpg', '2026-04-23 04:58:54'),
(4, 2, 'aadhaar', '232445465657', '', NULL, '2026-04-23 05:02:56'),
(5, 30, 'driving_license', 'KA0144545454551', 'dl_user_30_1776960425.png', 'selfie_user_30_1776960425.png', '2026-04-23 16:07:05'),
(6, 31, 'aadhaar', '303278104454', '', NULL, '2026-04-23 16:41:31'),
(7, 29, 'aadhaar', '121212121212', '', NULL, '2026-04-23 16:46:06'),
(8, 19, 'driving_license', 'KA1234567890111213142', 'dl_user_19_1777002695.png', 'selfie_user_19_1777002695.png', '2026-04-24 03:51:35'),
(9, 24, 'aadhaar', '303278104454', '', NULL, '2026-04-24 03:55:22'),
(10, 21, 'aadhaar', '232445465657', '', NULL, '2026-05-02 14:44:02'),
(11, 13, 'aadhaar', '303278104454', '', NULL, '2026-05-02 14:59:25'),
(12, 35, 'driving_license', 'KA1234567890111213142', 'dl_user_35_1779864521.png', 'selfie_user_35_1779864521.png', '2026-05-27 06:48:41'),
(13, 22, 'aadhaar', '303278104454', '', NULL, '2026-05-27 06:56:58'),
(14, 36, 'aadhaar', '123456789101', '', NULL, '2026-05-27 10:20:32');

-- --------------------------------------------------------

--
-- Table structure for table `vehicles`
--

CREATE TABLE `vehicles` (
  `vehicle_id` int(11) NOT NULL,
  `user_id` int(11) NOT NULL,
  `make_model` varchar(100) NOT NULL,
  `color` varchar(50) NOT NULL,
  `license_plate` varchar(20) NOT NULL,
  `created_at` timestamp NOT NULL DEFAULT current_timestamp()
) ENGINE=InnoDB DEFAULT CHARSET=utf8mb4 COLLATE=utf8mb4_general_ci;

--
-- Dumping data for table `vehicles`
--

INSERT INTO `vehicles` (`vehicle_id`, `user_id`, `make_model`, `color`, `license_plate`, `created_at`) VALUES
(1, 30, 'Toyota', 'White', 'KA30Y1902', '2026-04-23 17:17:46'),
(2, 19, 'Toyota', 'White', 'KA30Y1902', '2026-05-20 09:40:18');

--
-- Indexes for dumped tables
--

--
-- Indexes for table `bookings`
--
ALTER TABLE `bookings`
  ADD PRIMARY KEY (`booking_id`),
  ADD KEY `trip_id` (`trip_id`),
  ADD KEY `passenger_id` (`passenger_id`),
  ADD KEY `fk_ride_id` (`ride_id`);

--
-- Indexes for table `drivers`
--
ALTER TABLE `drivers`
  ADD PRIMARY KEY (`driver_id`),
  ADD KEY `user_id` (`user_id`);

--
-- Indexes for table `driver_documents`
--
ALTER TABLE `driver_documents`
  ADD PRIMARY KEY (`doc_id`),
  ADD KEY `driver_id` (`driver_id`);

--
-- Indexes for table `locations`
--
ALTER TABLE `locations`
  ADD PRIMARY KEY (`location_id`),
  ADD UNIQUE KEY `location_name` (`location_name`);

--
-- Indexes for table `messages`
--
ALTER TABLE `messages`
  ADD PRIMARY KEY (`message_id`),
  ADD KEY `booking_id` (`booking_id`);

--
-- Indexes for table `ratings`
--
ALTER TABLE `ratings`
  ADD PRIMARY KEY (`rating_id`),
  ADD KEY `booking_id` (`booking_id`),
  ADD KEY `rated_by` (`rated_by`),
  ADD KEY `rated_to` (`rated_to`);

--
-- Indexes for table `reviews`
--
ALTER TABLE `reviews`
  ADD PRIMARY KEY (`review_id`),
  ADD KEY `reviewer_id` (`reviewer_id`),
  ADD KEY `driver_id` (`driver_id`);

--
-- Indexes for table `rides`
--
ALTER TABLE `rides`
  ADD PRIMARY KEY (`ride_id`),
  ADD KEY `driver_id` (`driver_id`),
  ADD KEY `source_id` (`source_id`),
  ADD KEY `destination_id` (`destination_id`);

--
-- Indexes for table `trips`
--
ALTER TABLE `trips`
  ADD PRIMARY KEY (`trip_id`),
  ADD KEY `driver_id` (`driver_id`),
  ADD KEY `source_id` (`source_id`),
  ADD KEY `destination_id` (`destination_id`);

--
-- Indexes for table `users`
--
ALTER TABLE `users`
  ADD PRIMARY KEY (`user_id`),
  ADD UNIQUE KEY `phone` (`phone`);

--
-- Indexes for table `user_documents`
--
ALTER TABLE `user_documents`
  ADD PRIMARY KEY (`doc_id`),
  ADD KEY `user_id` (`user_id`);

--
-- Indexes for table `vehicles`
--
ALTER TABLE `vehicles`
  ADD PRIMARY KEY (`vehicle_id`),
  ADD KEY `user_id` (`user_id`);

--
-- AUTO_INCREMENT for dumped tables
--

--
-- AUTO_INCREMENT for table `bookings`
--
ALTER TABLE `bookings`
  MODIFY `booking_id` int(11) NOT NULL AUTO_INCREMENT, AUTO_INCREMENT=36;

--
-- AUTO_INCREMENT for table `drivers`
--
ALTER TABLE `drivers`
  MODIFY `driver_id` int(11) NOT NULL AUTO_INCREMENT;

--
-- AUTO_INCREMENT for table `driver_documents`
--
ALTER TABLE `driver_documents`
  MODIFY `doc_id` int(11) NOT NULL AUTO_INCREMENT;

--
-- AUTO_INCREMENT for table `locations`
--
ALTER TABLE `locations`
  MODIFY `location_id` int(11) NOT NULL AUTO_INCREMENT, AUTO_INCREMENT=32;

--
-- AUTO_INCREMENT for table `messages`
--
ALTER TABLE `messages`
  MODIFY `message_id` int(11) NOT NULL AUTO_INCREMENT, AUTO_INCREMENT=47;

--
-- AUTO_INCREMENT for table `ratings`
--
ALTER TABLE `ratings`
  MODIFY `rating_id` int(11) NOT NULL AUTO_INCREMENT;

--
-- AUTO_INCREMENT for table `reviews`
--
ALTER TABLE `reviews`
  MODIFY `review_id` int(11) NOT NULL AUTO_INCREMENT, AUTO_INCREMENT=6;

--
-- AUTO_INCREMENT for table `rides`
--
ALTER TABLE `rides`
  MODIFY `ride_id` int(11) NOT NULL AUTO_INCREMENT, AUTO_INCREMENT=41;

--
-- AUTO_INCREMENT for table `trips`
--
ALTER TABLE `trips`
  MODIFY `trip_id` int(11) NOT NULL AUTO_INCREMENT;

--
-- AUTO_INCREMENT for table `users`
--
ALTER TABLE `users`
  MODIFY `user_id` int(11) NOT NULL AUTO_INCREMENT, AUTO_INCREMENT=37;

--
-- AUTO_INCREMENT for table `user_documents`
--
ALTER TABLE `user_documents`
  MODIFY `doc_id` int(11) NOT NULL AUTO_INCREMENT, AUTO_INCREMENT=15;

--
-- AUTO_INCREMENT for table `vehicles`
--
ALTER TABLE `vehicles`
  MODIFY `vehicle_id` int(11) NOT NULL AUTO_INCREMENT, AUTO_INCREMENT=3;

--
-- Constraints for dumped tables
--

--
-- Constraints for table `bookings`
--
ALTER TABLE `bookings`
  ADD CONSTRAINT `bookings_ibfk_2` FOREIGN KEY (`passenger_id`) REFERENCES `users` (`user_id`) ON DELETE CASCADE,
  ADD CONSTRAINT `fk_ride` FOREIGN KEY (`ride_id`) REFERENCES `rides` (`ride_id`) ON DELETE CASCADE,
  ADD CONSTRAINT `fk_ride_id` FOREIGN KEY (`ride_id`) REFERENCES `rides` (`ride_id`) ON DELETE CASCADE;

--
-- Constraints for table `drivers`
--
ALTER TABLE `drivers`
  ADD CONSTRAINT `drivers_ibfk_1` FOREIGN KEY (`user_id`) REFERENCES `users` (`user_id`) ON DELETE CASCADE;

--
-- Constraints for table `driver_documents`
--
ALTER TABLE `driver_documents`
  ADD CONSTRAINT `driver_documents_ibfk_1` FOREIGN KEY (`driver_id`) REFERENCES `drivers` (`driver_id`) ON DELETE CASCADE;

--
-- Constraints for table `messages`
--
ALTER TABLE `messages`
  ADD CONSTRAINT `messages_ibfk_1` FOREIGN KEY (`booking_id`) REFERENCES `bookings` (`booking_id`) ON DELETE CASCADE;

--
-- Constraints for table `ratings`
--
ALTER TABLE `ratings`
  ADD CONSTRAINT `ratings_ibfk_1` FOREIGN KEY (`booking_id`) REFERENCES `bookings` (`booking_id`) ON DELETE CASCADE,
  ADD CONSTRAINT `ratings_ibfk_2` FOREIGN KEY (`rated_by`) REFERENCES `users` (`user_id`),
  ADD CONSTRAINT `ratings_ibfk_3` FOREIGN KEY (`rated_to`) REFERENCES `users` (`user_id`);

--
-- Constraints for table `reviews`
--
ALTER TABLE `reviews`
  ADD CONSTRAINT `reviews_ibfk_1` FOREIGN KEY (`reviewer_id`) REFERENCES `users` (`user_id`) ON DELETE CASCADE,
  ADD CONSTRAINT `reviews_ibfk_2` FOREIGN KEY (`driver_id`) REFERENCES `users` (`user_id`) ON DELETE CASCADE;

--
-- Constraints for table `rides`
--
ALTER TABLE `rides`
  ADD CONSTRAINT `rides_ibfk_1` FOREIGN KEY (`driver_id`) REFERENCES `users` (`user_id`),
  ADD CONSTRAINT `rides_ibfk_2` FOREIGN KEY (`source_id`) REFERENCES `locations` (`location_id`),
  ADD CONSTRAINT `rides_ibfk_3` FOREIGN KEY (`destination_id`) REFERENCES `locations` (`location_id`);

--
-- Constraints for table `trips`
--
ALTER TABLE `trips`
  ADD CONSTRAINT `trips_ibfk_1` FOREIGN KEY (`driver_id`) REFERENCES `drivers` (`driver_id`) ON DELETE CASCADE,
  ADD CONSTRAINT `trips_ibfk_2` FOREIGN KEY (`source_id`) REFERENCES `locations` (`location_id`),
  ADD CONSTRAINT `trips_ibfk_3` FOREIGN KEY (`destination_id`) REFERENCES `locations` (`location_id`);

--
-- Constraints for table `user_documents`
--
ALTER TABLE `user_documents`
  ADD CONSTRAINT `user_documents_ibfk_1` FOREIGN KEY (`user_id`) REFERENCES `users` (`user_id`) ON DELETE CASCADE;

--
-- Constraints for table `vehicles`
--
ALTER TABLE `vehicles`
  ADD CONSTRAINT `vehicles_ibfk_1` FOREIGN KEY (`user_id`) REFERENCES `users` (`user_id`) ON DELETE CASCADE;
COMMIT;

/*!40101 SET CHARACTER_SET_CLIENT=@OLD_CHARACTER_SET_CLIENT */;
/*!40101 SET CHARACTER_SET_RESULTS=@OLD_CHARACTER_SET_RESULTS */;
/*!40101 SET COLLATION_CONNECTION=@OLD_COLLATION_CONNECTION */;
